Src IP,Dst IP,Total Flow Duration,Total Forward Packets,Avg Flow Duration,Avg Forward Packets,Std Dev Flow Duration,Std Dev Forward Packets
72.21.195.82,192.168.20.48,472500,5,472500.00,5.00,0.00,0.00
44.240.184.205,192.168.20.43,1316,1,1316.00,1.00,0.00,0.00
3.1.115.53,192.168.20.48,721852,8,721852.00,8.00,0.00,0.00
18.167.1.113,192.168.20.48,2230719,8,2230719.00,8.00,0.00,0.00
209.54.179.233,192.168.20.43,6116,3,6116.00,3.00,0.00,0.00
18.155.131.56,192.168.20.43,119955486,6,119955486.00,6.00,0.00,0.00
18.155.131.56,192.168.20.48,2415,3,2415.00,3.00,0.00,0.00
52.46.128.80,192.168.20.43,1523,2,1523.00,2.00,0.00,0.00
52.94.239.40,192.168.20.43,37192,12,37192.00,12.00,0.00,0.00
52.94.233.61,192.168.20.43,17861,3,17861.00,3.00,0.00,0.00
43.205.185.100,192.168.20.48,310770,6,310770.00,6.00,0.00,0.00
142.250.201.170,192.168.20.42,1375,1,1375.00,1.00,0.00,0.00
52.222.149.51,192.168.20.43,327,3,327.00,3.00,0.00,0.00
3.223.79.67,192.168.20.48,4424,3,4424.00,3.00,0.00,0.00
52.206.230.179,192.168.20.48,3890,2,3890.00,2.00,0.00,0.00
13.246.0.149,192.168.20.48,419335,3,419335.00,3.00,0.00,0.00
54.239.38.89,192.168.20.43,20993,1,20993.00,1.00,0.00,0.00
18.164.55.110,192.168.20.43,7928,3,7928.00,3.00,0.00,0.00
216.58.198.202,192.168.20.42,1447,3,1447.00,3.00,0.00,0.00
54.239.27.82,192.168.20.48,489632,2,489632.00,2.00,0.00,0.00
18.134.222.161,192.168.20.48,485913,9,485913.00,9.00,0.00,0.00
54.195.209.68,192.168.20.48,552846,4,552846.00,4.00,0.00,0.00
3.28.113.52,192.168.20.48,2827,2,2827.00,2.00,0.00,0.00
35.155.9.57,192.168.20.43,45617,29,22808.50,14.50,21551.50,13.50
192.168.20.1,192.168.20.40,12165,6,12165.00,6.00,0.00,0.00
192.168.20.1,224.0.0.251,11662419,23,11662419.00,23.00,0.00,0.00
13.48.15.205,192.168.20.48,370854,9,370854.00,9.00,0.00,0.00
54.203.166.245,192.168.20.48,972243,3,972243.00,3.00,0.00,0.00
142.250.201.163,192.168.20.42,2218,2,1109.00,1.00,74.00,0.00
192.168.20.254,239.255.255.250,3450086,1024,1725043.00,512.00,1557635.00,464.00
15.197.228.53,192.168.20.48,27579,1,27579.00,1.00,0.00,0.00
52.95.123.17,192.168.20.43,1233,1,1233.00,1.00,0.00,0.00
54.91.103.251,192.168.20.48,8654553,126,8654553.00,126.00,0.00,0.00
34.206.100.209,192.168.20.48,162370,7,162370.00,7.00,0.00,0.00
43.201.125.242,192.168.20.48,1201781,6,1201781.00,6.00,0.00,0.00
18.216.180.71,192.168.20.48,51260,2,51260.00,2.00,0.00,0.00
34.252.33.62,192.168.20.48,116959,3,58479.50,1.50,55713.50,0.50
216.58.209.234,192.168.20.42,1308,1,1308.00,1.00,0.00,0.00
142.250.178.131,192.168.20.42,1193,1,1193.00,1.00,0.00,0.00
34.237.111.59,192.168.20.48,7843524,110,3921762.00,55.00,3852343.00,54.00
54.206.221.238,192.168.20.48,949764,4,949764.00,4.00,0.00,0.00
52.94.241.146,192.168.20.48,924513,2,924513.00,2.00,0.00,0.00
18.163.70.120,192.168.20.48,1635560,5,1635560.00,5.00,0.00,0.00
54.243.58.104,192.168.20.48,2622454,31,2622454.00,31.00,0.00,0.00
107.20.127.221,192.168.20.48,150709,2,150709.00,2.00,0.00,0.00
54.215.58.112,192.168.20.48,12516,6,12516.00,6.00,0.00,0.00
54.173.93.68,192.168.20.48,21250,1,21250.00,1.00,0.00,0.00
3.233.174.130,192.168.20.48,20690,2,20690.00,2.00,0.00,0.00
35.186.224.25,192.168.20.42,1063,1,1063.00,1.00,0.00,0.00
67.220.241.5,192.168.20.43,1503,3,1503.00,3.00,0.00,0.00
54.205.24.65,192.168.20.48,936817,25,936817.00,25.00,0.00,0.00
44.228.215.143,192.168.20.43,5082,1,5082.00,1.00,0.00,0.00
209.54.183.244,192.168.20.43,9111,2,9111.00,2.00,0.00,0.00
44.198.224.47,192.168.20.48,2331220,57,2331220.00,57.00,0.00,0.00
209.54.183.240,192.168.20.43,1583,3,1583.00,3.00,0.00,0.00
52.76.51.147,192.168.20.48,456327,2,228163.50,1.00,226922.50,0.00
44.199.52.214,192.168.20.48,251302,20,251302.00,20.00,0.00,0.00
209.54.180.48,192.168.20.43,4131,3,4131.00,3.00,0.00,0.00
142.250.75.234,192.168.20.42,1473,3,1473.00,3.00,0.00,0.00
18.229.75.205,192.168.20.48,1257514,6,1257514.00,6.00,0.00,0.00
54.171.11.240,192.168.20.19,33089,72,16544.50,36.00,14693.50,32.00
52.16.104.93,192.168.20.43,1928,7,1928.00,7.00,0.00,0.00
52.16.104.93,192.168.20.48,46315,14,46315.00,14.00,0.00,0.00
216.58.214.170,192.168.20.42,2203,1,2203.00,1.00,0.00,0.00
216.58.206.234,192.168.20.42,5081,8,5081.00,8.00,0.00,0.00
192.168.20.42,216.58.215.48,436528019,313,436528019.00,313.00,0.00,0.00
192.168.20.42,216.58.214.174,671409,76,671409.00,76.00,0.00,0.00
192.168.20.42,216.58.206.234,550446816,222,550446816.00,222.00,0.00,0.00
192.168.20.42,142.250.178.131,215455667,181,215455667.00,181.00,0.00,0.00
192.168.20.42,255.255.255.255,90737753732,2834,45368876866.00,1417.00,41466610772.00,1296.00
192.168.20.42,216.58.201.234,256322325,63,256322325.00,63.00,0.00,0.00
192.168.20.42,216.239.35.8,740888,25,370444.00,12.50,358772.00,10.50
192.168.20.42,216.58.204.106,13252387,139,13252387.00,139.00,0.00,0.00
192.168.20.42,142.250.179.78,8104965,9,8104965.00,9.00,0.00,0.00
192.168.20.42,216.239.35.4,132102,23,132102.00,23.00,0.00,0.00
192.168.20.42,142.250.179.110,8136545,9,8136545.00,9.00,0.00,0.00
192.168.20.42,239.255.255.251,42539224633,1392,21269612316.50,696.00,19589333946.50,641.00
192.168.20.42,142.250.179.74,302147074,241,302147074.00,241.00,0.00,0.00
192.168.20.42,142.250.201.170,196184002,39,196184002.00,39.00,0.00,0.00
192.168.20.42,216.239.35.0,114442,20,114442.00,20.00,0.00,0.00
192.168.20.42,142.250.179.99,195254977,43,195254977.00,43.00,0.00,0.00
192.168.20.42,199.232.58.248,373224211,64,373224211.00,64.00,0.00,0.00
192.168.20.42,8.8.8.8,43205542149,5797,21602771074.50,2898.50,19742056754.50,2657.50
192.168.20.42,35.188.42.15,109730371,13,109730371.00,13.00,0.00,0.00
192.168.20.42,74.125.140.188,8682379146,302,4341189573.00,151.00,1928179863.00,67.00
192.168.20.42,224.0.0.250,43199222320,1412,21599611160.00,706.00,19799321737.00,647.00
192.168.20.42,142.250.75.227,22964227677,2084,22964227677.00,2084.00,0.00,0.00
192.168.20.42,216.58.214.74,9827984,27,9827984.00,27.00,0.00,0.00
192.168.20.42,224.0.0.251,50459142903,7164,25229571451.50,3582.00,23237618152.50,3267.00
192.168.20.42,216.58.198.202,95855242,53,95855242.00,53.00,0.00,0.00
192.168.20.42,216.58.214.78,2772145221,750,1386072610.50,375.00,1315846440.50,356.00
192.168.20.42,216.58.213.67,54436998865,4642,27218499432.50,2321.00,24727860457.50,2135.00
192.168.20.42,142.250.74.234,5104516,20,5104516.00,20.00,0.00,0.00
192.168.20.42,35.186.224.25,429636601,31,429636601.00,31.00,0.00,0.00
192.168.20.42,74.125.133.188,101317683621,4099,101317683621.00,4099.00,0.00,0.00
192.168.20.42,142.250.179.106,445221,12,445221.00,12.00,0.00,0.00
192.168.20.42,173.194.76.188,9749788891,426,4874894445.50,213.00,2214034931.50,97.00
192.168.20.42,142.250.178.142,24356029,27,24356029.00,27.00,0.00,0.00
192.168.20.42,142.250.74.238,3739707467,629,1869853733.50,314.50,1869719183.50,302.50
192.168.20.42,216.58.204.110,3096470760,518,3096470760.00,518.00,0.00,0.00
192.168.20.42,192.168.20.1,43131269676,2740,21565634838.00,1370.00,19705324409.00,1254.00
192.168.20.42,216.239.35.12,357826,29,178913.00,14.50,154082.00,12.50
192.168.20.42,224.0.0.22,53328584,8,53328584.00,8.00,0.00,0.00
192.168.20.42,142.250.201.163,299589545,25,149794772.50,12.50,45146352.50,7.50
192.168.20.42,151.101.2.217,429618568,30,429618568.00,30.00,0.00,0.00
192.168.20.42,142.250.75.234,94381772,59,94381772.00,59.00,0.00,0.00
192.168.20.42,216.58.213.70,194943813,20,194943813.00,20.00,0.00,0.00
192.168.20.42,216.58.213.74,5100433,22,5100433.00,22.00,0.00,0.00
192.168.20.42,216.58.214.170,155695493,30,155695493.00,30.00,0.00,0.00
192.168.20.42,216.58.209.234,195498156,35,195498156.00,35.00,0.00,0.00
192.168.20.42,216.58.213.78,215749203,160,215749203.00,160.00,0.00,0.00
192.168.20.40,255.255.255.255,4980037780,165,4980037780.00,165.00,0.00,0.00
192.168.20.40,192.168.20.42,3146,1,3146.00,1.00,0.00,0.00
216.58.204.106,192.168.20.42,1809,3,1809.00,3.00,0.00,0.00
54.225.146.82,192.168.20.48,366989,2,366989.00,2.00,0.00,0.00
3.6.255.210,192.168.20.48,5068,3,5068.00,3.00,0.00,0.00
192.168.20.45,82.64.32.33,3907,1,3907.00,1.00,0.00,0.00
192.168.20.45,8.8.8.8,71966,8,71966.00,8.00,0.00,0.00
192.168.20.45,239.255.255.250,64411522399,19876,32205761199.50,9938.00,29444769712.50,9084.00
192.168.20.45,121.174.142.81,258875,1,258875.00,1.00,0.00,0.00
192.168.20.45,54.183.77.141,64554124312,5708,32277062156.00,2854.00,29569641332.00,2614.00
192.168.20.45,37.187.104.44,6149,1,6149.00,1.00,0.00,0.00
192.168.20.45,162.159.200.123,9911,1,9911.00,1.00,0.00,0.00
34.202.104.124,192.168.20.48,490544,2,490544.00,2.00,0.00,0.00
192.168.20.43,72.21.195.82,115892750,24,115892750.00,24.00,0.00,0.00
192.168.20.43,44.240.184.205,37007464,123,37007464.00,123.00,0.00,0.00
192.168.20.43,209.54.179.233,487563,12,487563.00,12.00,0.00,0.00
192.168.20.43,18.155.131.56,180571241,77,90285620.50,38.50,30229424.50,26.50
192.168.20.43,3.208.140.212,33439033,158,16719516.50,79.00,13008242.50,65.00
192.168.20.43,52.94.217.134,329305185,118,329305185.00,118.00,0.00,0.00
192.168.20.43,52.46.128.80,408814,12,408814.00,12.00,0.00,0.00
192.168.20.43,18.233.46.225,35856166,270,35856166.00,270.00,0.00,0.00
192.168.20.43,52.94.239.40,1757445,54,1757445.00,54.00,0.00,0.00
192.168.20.43,52.94.233.61,496751,30,496751.00,30.00,0.00,0.00
192.168.20.43,3.223.79.67,388277628,188,388277628.00,188.00,0.00,0.00
192.168.20.43,52.222.149.51,196163,18,196163.00,18.00,0.00,0.00
192.168.20.43,8.8.8.8,11368125,1073,5684062.50,536.50,5158896.50,479.50
192.168.20.43,34.204.132.63,193546192,102,193546192.00,102.00,0.00,0.00
192.168.20.43,67.220.240.183,508798,23,508798.00,23.00,0.00,0.00
192.168.20.43,54.239.38.89,28483850,14,28483850.00,14.00,0.00,0.00
192.168.20.43,52.119.198.189,447460,11,447460.00,11.00,0.00,0.00
192.168.20.43,52.222.174.11,60116722,80,60116722.00,80.00,0.00,0.00
192.168.20.43,18.164.55.110,284010510,96,284010510.00,96.00,0.00,0.00
192.168.20.43,34.194.49.5,1008819075,126,1008819075.00,126.00,0.00,0.00
192.168.20.43,54.239.27.82,205707444,33,102853722.00,16.50,26089733.00,5.50
192.168.20.43,54.164.103.224,97269282,48,97269282.00,48.00,0.00,0.00
192.168.20.43,44.211.15.145,1426214964,182,1426214964.00,182.00,0.00,0.00
192.168.20.43,23.22.235.16,982282449,126,982282449.00,126.00,0.00,0.00
192.168.20.43,35.155.9.57,135820006,400,67910003.00,200.00,5712864.00,115.00
192.168.20.43,192.168.20.1,3509799,1420,1754899.50,710.00,1604200.50,650.00
192.168.20.43,209.54.180.27,226730688,30,226730688.00,30.00,0.00,0.00
192.168.20.43,239.255.255.250,102113403,1248,51056701.50,624.00,49806684.50,576.00
192.168.20.43,34.239.216.180,35966125,276,35966125.00,276.00,0.00,0.00
192.168.20.43,184.73.130.219,27844502,118,27844502.00,118.00,0.00,0.00
192.168.20.43,52.95.123.17,150865994,40,150865994.00,40.00,0.00,0.00
192.168.20.43,52.95.126.126,427283,13,427283.00,13.00,0.00,0.00
192.168.20.43,52.119.197.246,4802991,109,2401495.50,54.50,1667472.50,43.50
192.168.20.43,34.203.4.32,96811361,47,96811361.00,47.00,0.00,0.00
192.168.20.43,34.237.111.59,13233006,21,13233006.00,21.00,0.00,0.00
192.168.20.43,3.232.127.207,48874503,378,24437251.50,189.00,21018492.50,172.00
192.168.20.43,67.220.240.30,459754,12,459754.00,12.00,0.00,0.00
192.168.20.43,54.70.5.180,306832121,195,153416060.50,97.50,13750763.50,6.50
192.168.20.43,34.194.31.220,988216650,126,494108325.00,63.00,385081248.00,49.00
192.168.20.43,54.243.58.104,12705101,20,12705101.00,20.00,0.00,0.00
192.168.20.43,54.192.107.171,52999823,15,52999823.00,15.00,0.00,0.00
192.168.20.43,67.220.241.5,929049,41,929049.00,41.00,0.00,0.00
192.168.20.43,54.205.24.65,12947201,21,12947201.00,21.00,0.00,0.00
192.168.20.43,34.202.49.39,766855569,98,383427784.50,49.00,274050459.50,35.00
192.168.20.43,44.197.28.104,771425138,98,385712569.00,49.00,274663288.00,35.00
192.168.20.43,44.228.215.143,18990734,72,18990734.00,72.00,0.00,0.00
192.168.20.43,54.236.174.203,1161486030,150,1161486030.00,150.00,0.00,0.00
192.168.20.43,209.54.183.244,469665,12,469665.00,12.00,0.00,0.00
192.168.20.43,209.54.183.240,527316,29,527316.00,29.00,0.00,0.00
192.168.20.43,44.199.52.214,133836787,42,133836787.00,42.00,0.00,0.00
192.168.20.43,209.54.180.48,457268,12,457268.00,12.00,0.00,0.00
192.168.20.43,54.88.98.123,231378679,28,231378679.00,28.00,0.00,0.00
192.168.20.43,52.16.104.93,26128276212,3444,26128276212.00,3444.00,0.00,0.00
192.168.20.43,52.27.163.92,151555322,126,151555322.00,126.00,0.00,0.00
192.168.20.43,52.202.248.176,96916278,41,96916278.00,41.00,0.00,0.00
192.168.20.43,3.224.166.115,28018728,204,28018728.00,204.00,0.00,0.00
192.168.20.43,3.212.27.131,1309926577,168,654963288.50,84.00,436940589.50,56.00
192.168.20.43,34.237.106.83,96354344,40,96354344.00,40.00,0.00,0.00
192.168.20.43,54.209.44.8,64045385,462,32022692.50,231.00,27859652.50,200.00
192.168.20.43,44.197.43.221,132754690,250,66377345.00,125.00,31571603.00,95.00
192.168.20.43,107.20.216.54,989513917,126,494756958.50,63.00,385420358.50,49.00
192.168.20.43,52.37.30.201,70063251,161,70063251.00,161.00,0.00,0.00
192.168.20.43,146.59.88.209,29647,1,29647.00,1.00,0.00,0.00
192.168.20.43,18.164.55.40,144636407,95,72318203.50,47.50,70505621.50,35.50
192.168.20.43,52.94.217.61,488399,14,488399.00,14.00,0.00,0.00
192.168.20.43,52.94.233.94,414233,12,414233.00,12.00,0.00,0.00
192.168.20.43,3.227.250.251,8463371,20,8463371.00,20.00,0.00,0.00
192.168.20.43,54.85.101.161,97285495,46,97285495.00,46.00,0.00,0.00
192.168.20.43,54.161.46.108,96390404,40,96390404.00,40.00,0.00,0.00
192.168.20.43,52.84.174.45,1462442,6,1462442.00,6.00,0.00,0.00
192.168.20.43,52.46.128.39,2340988,41,1170494.00,20.50,278241.00,0.50
192.168.20.43,3.237.53.195,27231883,202,13615941.50,101.00,10208677.50,89.00
192.168.20.43,54.208.221.42,1643657426,210,1643657426.00,210.00,0.00,0.00
192.168.20.43,34.192.154.181,49022321,444,49022321.00,444.00,0.00,0.00
192.168.20.43,44.234.113.198,35360070,85,35360070.00,85.00,0.00,0.00
192.168.20.43,255.255.255.255,14437,72,14437.00,72.00,0.00,0.00
192.168.20.43,18.155.126.209,1874770,81,1874770.00,81.00,0.00,0.00
192.168.20.43,3.131.252.182,112304421,14,112304421.00,14.00,0.00,0.00
192.168.20.43,34.210.228.239,112824568,233,56412284.00,116.50,38962212.00,80.50
192.168.20.43,209.54.178.134,438191,11,438191.00,11.00,0.00,0.00
192.168.20.43,54.75.207.158,738664,27,738664.00,27.00,0.00,0.00
192.168.20.43,209.54.179.93,81568430,10,81568430.00,10.00,0.00,0.00
192.168.20.43,18.232.172.63,767159912,98,767159912.00,98.00,0.00,0.00
192.168.20.43,52.202.2.34,37099475,21,37099475.00,21.00,0.00,0.00
192.168.20.43,18.164.49.183,121978276,361,121978276.00,361.00,0.00,0.00
192.168.20.43,52.204.152.47,16037654,118,16037654.00,118.00,0.00,0.00
192.168.20.43,52.95.124.103,740209,26,740209.00,26.00,0.00,0.00
192.168.20.43,176.32.101.122,11576430,29,11576430.00,29.00,0.00,0.00
192.168.20.43,50.17.237.83,96660304,39,96660304.00,39.00,0.00,0.00
192.168.20.43,52.46.149.63,508866,12,508866.00,12.00,0.00,0.00
192.168.20.43,52.46.149.60,356310,11,356310.00,11.00,0.00,0.00
192.168.20.43,35.164.182.2,60747267,127,60747267.00,127.00,0.00,0.00
192.168.20.43,18.210.245.179,96272714,49,96272714.00,49.00,0.00,0.00
192.168.20.43,54.226.11.35,14863582,59,14863582.00,59.00,0.00,0.00
192.168.20.43,34.236.6.206,76890,1,76890.00,1.00,0.00,0.00
192.168.20.43,54.239.35.48,293774,11,293774.00,11.00,0.00,0.00
192.168.20.43,54.159.111.180,71117848,1703,71117848.00,1703.00,0.00,0.00
192.168.20.43,52.45.18.59,42628952566,1874,21314476283.00,937.00,19492764838.00,857.00
192.168.20.43,34.227.127.81,998019655,126,998019655.00,126.00,0.00,0.00
192.168.20.43,52.222.193.55,3441593849,1920,1720796924.50,960.00,1660729501.50,947.00
192.168.20.43,52.46.141.254,347851,12,347851.00,12.00,0.00,0.00
192.168.20.43,52.46.145.14,489000,12,489000.00,12.00,0.00,0.00
192.168.20.43,8.8.4.4,1841,1,1841.00,1.00,0.00,0.00
192.168.20.43,52.46.129.152,552960,33,552960.00,33.00,0.00,0.00
192.168.20.43,3.222.37.116,96843273,42,96843273.00,42.00,0.00,0.00
192.168.20.43,3.218.120.56,1095094419,140,1095094419.00,140.00,0.00,0.00
192.168.20.43,34.228.101.107,96716691,34,96716691.00,34.00,0.00,0.00
192.168.20.43,52.95.127.117,82432978,51,82432978.00,51.00,0.00,0.00
192.168.20.43,52.46.136.110,846773,26,846773.00,26.00,0.00,0.00
192.168.20.43,209.54.177.114,112067000,10,112067000.00,10.00,0.00,0.00
192.168.20.43,52.119.198.101,997496,22,997496.00,22.00,0.00,0.00
192.168.20.43,100.21.0.103,44326377,108,44326377.00,108.00,0.00,0.00
192.168.20.43,52.217.233.217,8959046,304,8959046.00,304.00,0.00,0.00
192.168.20.43,44.193.236.65,12425821,21,12425821.00,21.00,0.00,0.00
192.168.20.43,54.187.92.102,89548756,199,89548756.00,199.00,0.00,0.00
192.168.20.43,52.214.227.89,22601604116,3501,11300802058.00,1750.50,8514145458.00,1308.50
192.168.20.43,52.70.101.206,31869782,185,31869782.00,185.00,0.00,0.00
192.168.20.43,72.21.207.143,461974,11,461974.00,11.00,0.00,0.00
192.168.20.43,52.94.236.45,919915,24,919915.00,24.00,0.00,0.00
192.168.20.43,209.54.183.188,417259,12,417259.00,12.00,0.00,0.00
192.168.20.43,54.166.21.152,25715677,42,25715677.00,42.00,0.00,0.00
192.168.20.43,52.94.235.74,460765,14,460765.00,14.00,0.00,0.00
192.168.20.43,52.46.137.137,1069973,37,1069973.00,37.00,0.00,0.00
192.168.20.43,54.239.31.104,62833241,27,62833241.00,27.00,0.00,0.00
192.168.20.43,54.92.134.147,987107003,126,987107003.00,126.00,0.00,0.00
192.168.20.43,52.46.153.141,476491,26,476491.00,26.00,0.00,0.00
192.168.20.43,209.54.181.79,489189,29,489189.00,29.00,0.00,0.00
192.168.20.43,44.227.96.221,162223065,295,162223065.00,295.00,0.00,0.00
192.168.20.43,54.157.203.98,258737817,46,258737817.00,46.00,0.00,0.00
192.168.20.43,18.164.55.96,394971,24,394971.00,24.00,0.00,0.00
192.168.20.43,52.39.190.49,88209024,210,88209024.00,210.00,0.00,0.00
192.168.20.43,35.167.225.196,238550325,294,119275162.50,147.00,75721240.50,54.00
192.168.20.43,52.84.179.94,274186122,444,137093061.00,222.00,76899330.00,156.00
192.168.20.43,3.234.165.228,23678745,172,23678745.00,172.00,0.00,0.00
192.168.20.43,52.36.138.241,84450561,235,84450561.00,235.00,0.00,0.00
192.168.20.43,52.95.125.12,167174590,39,167174590.00,39.00,0.00,0.00
192.168.20.43,52.45.200.111,1420589673,182,710294836.50,91.00,601284049.50,77.00
192.168.20.43,3.220.182.54,8331981,57,8331981.00,57.00,0.00,0.00
192.168.20.43,209.54.181.98,432283,11,432283.00,11.00,0.00,0.00
192.168.20.43,35.173.14.214,49598117,310,24799058.50,155.00,21137031.50,137.00
192.168.20.43,52.46.132.114,403413,13,403413.00,13.00,0.00,0.00
192.168.20.43,52.95.123.112,410931,13,410931.00,13.00,0.00,0.00
192.168.20.43,52.94.231.222,577421,17,577421.00,17.00,0.00,0.00
192.168.20.43,34.234.151.208,552685595,74,552685595.00,74.00,0.00,0.00
192.168.20.43,54.239.35.211,81728940,53,81728940.00,53.00,0.00,0.00
192.168.20.43,54.239.35.210,110239999,53,110239999.00,53.00,0.00,0.00
192.168.20.43,176.32.98.79,1159037,33,1159037.00,33.00,0.00,0.00
192.168.20.43,52.216.27.126,17308851,139,17308851.00,139.00,0.00,0.00
192.168.20.43,3.211.221.42,1095521410,140,547760705.00,70.00,326507333.00,42.00
192.168.20.43,52.46.158.193,576316,11,576316.00,11.00,0.00,0.00
192.168.20.43,52.95.115.242,72306253,11,72306253.00,11.00,0.00,0.00
192.168.20.43,52.94.224.4,453078,12,453078.00,12.00,0.00,0.00
192.168.20.43,107.23.85.26,545542644,70,545542644.00,70.00,0.00,0.00
192.168.20.43,52.72.244.88,97814227,43,97814227.00,43.00,0.00,0.00
192.168.20.43,72.21.207.80,110723388,18,110723388.00,18.00,0.00,0.00
192.168.20.43,3.227.176.159,1100001900,140,1100001900.00,140.00,0.00,0.00
192.168.20.43,54.225.152.58,96586708,41,96586708.00,41.00,0.00,0.00
192.168.20.43,52.46.149.20,102282211,21,102282211.00,21.00,0.00,0.00
192.168.20.43,52.84.174.66,7774937,6,7774937.00,6.00,0.00,0.00
192.168.20.43,52.94.225.56,544081,12,544081.00,12.00,0.00,0.00
192.168.20.43,52.84.174.68,7839449,6,7839449.00,6.00,0.00,0.00
192.168.20.43,54.166.101.241,20660588,116,10330294.00,58.00,10330147.00,56.00
192.168.20.43,52.46.131.169,869453,21,869453.00,21.00,0.00,0.00
192.168.20.43,34.195.153.29,31483273,205,15741636.50,102.50,11900447.50,77.50
192.168.20.43,52.222.145.55,60513235,40,60513235.00,40.00,0.00,0.00
192.168.20.43,54.92.237.197,1535488962,196,1535488962.00,196.00,0.00,0.00
192.168.20.43,35.155.170.66,8648384,19,8648384.00,19.00,0.00,0.00
192.168.20.43,52.2.208.65,654981545,84,654981545.00,84.00,0.00,0.00
192.168.20.43,52.46.155.112,197806311,20,197806311.00,20.00,0.00,0.00
192.168.20.43,151.101.1.16,328903,179,328903.00,179.00,0.00,0.00
192.168.20.43,3.82.111.231,767329787,98,383664893.50,49.00,274482725.50,35.00
192.168.20.43,52.46.137.106,389451,13,389451.00,13.00,0.00,0.00
192.168.20.43,209.54.177.154,570963,11,570963.00,11.00,0.00,0.00
192.168.20.43,54.92.128.108,97056742,36,97056742.00,36.00,0.00,0.00
192.168.20.43,54.68.57.171,87772232,204,87772232.00,204.00,0.00,0.00
192.168.20.43,209.54.177.157,894909,22,894909.00,22.00,0.00,0.00
192.168.20.43,52.46.136.68,1500268,37,1500268.00,37.00,0.00,0.00
192.168.20.43,52.20.185.33,991179520,126,991179520.00,126.00,0.00,0.00
192.168.20.43,224.0.0.251,12031772995,495,6015886497.50,247.50,5516443452.50,234.50
192.168.20.43,52.46.144.253,466740,12,466740.00,12.00,0.00,0.00
192.168.20.43,52.94.219.88,699299492,405,349649746.00,202.50,63615792.00,83.50
192.168.20.43,34.232.93.236,38372912,101,19186456.00,50.50,14801880.00,25.50
192.168.20.43,18.67.116.69,61703315,17,61703315.00,17.00,0.00,0.00
192.168.20.43,3.226.196.104,79246630,1835,39623315.00,917.50,13164075.00,714.50
192.168.20.43,52.94.232.195,557159,12,557159.00,12.00,0.00,0.00
192.168.20.43,54.161.84.13,80160938,1912,80160938.00,1912.00,0.00,0.00
192.168.20.43,3.89.179.154,1217171057,154,1217171057.00,154.00,0.00,0.00
192.168.20.43,54.239.26.255,377284,12,377284.00,12.00,0.00,0.00
192.168.20.43,176.32.101.46,131001777,32,65500888.50,16.00,3003185.50,1.00
192.168.20.43,44.209.146.104,764033131,98,764033131.00,98.00,0.00,0.00
192.168.20.43,52.205.164.240,926325556,122,463162778.00,61.00,414152230.00,51.00
192.168.20.43,52.205.66.64,22441404,213,22441404.00,213.00,0.00,0.00
192.168.20.43,18.203.57.224,24312900510,4057,24312900510.00,4057.00,0.00,0.00
192.168.20.43,52.200.163.50,1320723690,168,660361845.00,84.00,600200936.00,80.00
192.168.20.43,52.94.220.255,67141918,26,67141918.00,26.00,0.00,0.00
192.168.20.43,52.46.137.209,901828,24,901828.00,24.00,0.00,0.00
192.168.20.43,3.224.249.36,96650707,36,96650707.00,36.00,0.00,0.00
192.168.20.43,52.94.218.244,296777557,39,296777557.00,39.00,0.00,0.00
192.168.20.43,52.201.117.32,193399893,83,193399893.00,83.00,0.00,0.00
192.168.20.43,178.236.7.140,13578759,16,13578759.00,16.00,0.00,0.00
192.168.20.43,35.174.77.103,551128304,70,551128304.00,70.00,0.00,0.00
192.168.20.43,52.1.172.87,20718609,187,20718609.00,187.00,0.00,0.00
192.168.20.43,52.73.50.224,3597669,45,3597669.00,45.00,0.00,0.00
192.168.20.43,54.164.163.115,93993311,60,93993311.00,60.00,0.00,0.00
192.168.20.43,65.8.212.227,1092111,12,1092111.00,12.00,0.00,0.00
192.168.20.43,52.84.177.20,13321872,970,13321872.00,970.00,0.00,0.00
192.168.20.43,44.226.67.213,96003296,216,96003296.00,216.00,0.00,0.00
192.168.20.43,52.207.44.110,881912101,112,440956050.50,56.00,331550428.50,42.00
192.168.20.43,52.45.237.36,155229,2,77614.50,1.00,80.50,0.00
192.168.20.43,34.202.146.90,193391997,84,193391997.00,84.00,0.00,0.00
192.168.20.43,54.242.128.35,25476999,37,25476999.00,37.00,0.00,0.00
192.168.20.43,52.222.149.107,1414554,6,1414554.00,6.00,0.00,0.00
192.168.20.43,52.94.221.55,374625885,241,374625885.00,241.00,0.00,0.00
192.168.20.43,18.164.55.101,248414202,88,248414202.00,88.00,0.00,0.00
192.168.20.43,54.86.198.4,1539715473,196,1539715473.00,196.00,0.00,0.00
192.168.20.43,54.239.33.155,7915038,67,3957519.00,33.50,120289.00,5.50
192.168.20.43,3.212.205.83,31826754,260,31826754.00,260.00,0.00,0.00
192.168.20.43,35.174.51.236,19040042,68,19040042.00,68.00,0.00,0.00
18.140.188.91,192.168.20.48,725163,7,362581.50,3.50,13542.50,2.50
18.164.55.40,192.168.20.43,13723,2,6861.50,1.00,5450.50,0.00
192.168.20.48,72.21.195.82,1802883,31,1802883.00,31.00,0.00,0.00
192.168.20.48,3.1.115.53,7250500,100,7250500.00,100.00,0.00,0.00
192.168.20.48,52.222.193.55,8409902,581,8409902.00,581.00,0.00,0.00
192.168.20.48,18.167.1.113,8684736,97,8684736.00,97.00,0.00,0.00
192.168.20.48,44.199.138.71,25106307,707,25106307.00,707.00,0.00,0.00
192.168.20.48,18.155.131.56,249595,18,249595.00,18.00,0.00,0.00
192.168.20.48,52.119.198.106,976312,16,976312.00,16.00,0.00,0.00
192.168.20.48,52.46.149.57,985542,17,985542.00,17.00,0.00,0.00
192.168.20.48,13.248.200.177,136658,27,136658.00,27.00,0.00,0.00
192.168.20.48,54.239.27.116,1399084,29,1399084.00,29.00,0.00,0.00
192.168.20.48,43.205.185.100,6699567,90,6699567.00,90.00,0.00,0.00
192.168.20.48,3.223.79.67,2682211,64,2682211.00,64.00,0.00,0.00
192.168.20.48,35.171.216.243,1222276,38,1222276.00,38.00,0.00,0.00
192.168.20.48,54.239.19.122,666197,11,666197.00,11.00,0.00,0.00
192.168.20.48,52.84.174.15,1096656,93,1096656.00,93.00,0.00,0.00
192.168.20.48,34.226.24.249,153962,2,153962.00,2.00,0.00,0.00
192.168.20.48,8.8.8.8,5116932,624,2558466.00,312.00,2339471.00,286.00
192.168.20.48,52.206.230.179,1347451,44,1347451.00,44.00,0.00,0.00
192.168.20.48,34.228.101.107,2223139,37,2223139.00,37.00,0.00,0.00
192.168.20.48,13.246.0.149,2093741,38,2093741.00,38.00,0.00,0.00
192.168.20.48,52.84.174.10,78280,14,78280.00,14.00,0.00,0.00
192.168.20.48,52.119.198.101,1970390,35,1970390.00,35.00,0.00,0.00
192.168.20.48,54.239.27.82,1766162,36,1766162.00,36.00,0.00,0.00
192.168.20.48,13.225.31.129,874522,24,874522.00,24.00,0.00,0.00
192.168.20.48,18.134.222.161,2307048,115,2307048.00,115.00,0.00,0.00
192.168.20.48,44.193.236.65,60544217,1813,60544217.00,1813.00,0.00,0.00
192.168.20.48,54.195.209.68,1202134,74,1202134.00,74.00,0.00,0.00
192.168.20.48,3.28.113.52,1671644,19,1671644.00,19.00,0.00,0.00
192.168.20.48,52.214.227.89,31878847946,2331,31878847946.00,2331.00,0.00,0.00
192.168.20.48,192.168.20.1,8463755,1420,4231877.50,710.00,3408511.50,650.00
192.168.20.48,13.48.15.205,2003005,117,2003005.00,117.00,0.00,0.00
192.168.20.48,52.46.133.19,2423599,41,2423599.00,41.00,0.00,0.00
192.168.20.48,54.166.21.152,14504487,402,7252243.50,201.00,6419992.50,182.00
192.168.20.48,54.203.166.245,2167899,40,2167899.00,40.00,0.00,0.00
192.168.20.48,209.54.180.27,382610,15,382610.00,15.00,0.00,0.00
192.168.20.48,54.239.31.104,1347478,24,1347478.00,24.00,0.00,0.00
192.168.20.48,239.255.255.250,5227,36,2613.50,18.00,1131.50,15.00
192.168.20.48,44.207.137.197,1639429,39,1639429.00,39.00,0.00,0.00
192.168.20.48,13.249.33.203,778444,18,778444.00,18.00,0.00,0.00
192.168.20.48,3.226.187.174,156721,5,156721.00,5.00,0.00,0.00
192.168.20.48,15.197.228.53,879533,12,879533.00,12.00,0.00,0.00
192.168.20.48,54.157.203.98,20863407,632,20863407.00,632.00,0.00,0.00
192.168.20.48,54.91.103.251,101974023,2980,101974023.00,2980.00,0.00,0.00
192.168.20.48,15.188.36.183,518477,107,518477.00,107.00,0.00,0.00
192.168.20.48,34.206.100.209,2957327,84,2957327.00,84.00,0.00,0.00
192.168.20.48,3.227.117.250,1415669,27,1415669.00,27.00,0.00,0.00
192.168.20.48,43.201.125.242,7466560,74,7466560.00,74.00,0.00,0.00
192.168.20.48,18.216.180.71,1848283,40,1848283.00,40.00,0.00,0.00
192.168.20.48,16.16.59.238,2127900,111,2127900.00,111.00,0.00,0.00
192.168.20.48,34.252.33.62,1064146,56,532073.00,28.00,134430.00,6.00
192.168.20.48,35.167.225.196,1698720,18,1698720.00,18.00,0.00,0.00
192.168.20.48,54.85.159.116,513073,12,513073.00,12.00,0.00,0.00
192.168.20.48,52.20.206.121,40366905,1245,40366905.00,1245.00,0.00,0.00
192.168.20.48,18.156.17.11,728082,36,728082.00,36.00,0.00,0.00
192.168.20.48,209.54.181.98,1693669,34,1693669.00,34.00,0.00,0.00
192.168.20.48,54.238.156.226,18545633,190,18545633.00,190.00,0.00,0.00
192.168.20.48,75.2.109.205,887533,17,887533.00,17.00,0.00,0.00
192.168.20.48,3.212.57.174,811200,25,811200.00,25.00,0.00,0.00
192.168.20.48,54.206.221.238,7693732,73,7693732.00,73.00,0.00,0.00
192.168.20.48,52.46.137.255,823027,14,823027.00,14.00,0.00,0.00
192.168.20.48,34.237.111.59,88500757,2579,44250378.50,1289.50,43042563.50,1269.50
192.168.20.48,52.94.241.146,899512,19,899512.00,19.00,0.00,0.00
192.168.20.48,52.71.238.202,1316195,28,1316195.00,28.00,0.00,0.00
192.168.20.48,54.243.58.104,27432714,774,27432714.00,774.00,0.00,0.00
192.168.20.48,18.163.70.120,5023879,58,5023879.00,58.00,0.00,0.00
192.168.20.48,107.20.127.221,2407836,44,2407836.00,44.00,0.00,0.00
192.168.20.48,52.46.143.123,444774,14,444774.00,14.00,0.00,0.00
192.168.20.48,54.173.93.68,1223190,18,1223190.00,18.00,0.00,0.00
192.168.20.48,54.215.58.112,4202368,58,4202368.00,58.00,0.00,0.00
192.168.20.48,3.233.109.178,157446,5,157446.00,5.00,0.00,0.00
192.168.20.48,13.125.158.78,8227638,94,8227638.00,94.00,0.00,0.00
192.168.20.48,52.46.158.193,501225,15,501225.00,15.00,0.00,0.00
192.168.20.48,52.94.242.236,1240232,31,1240232.00,31.00,0.00,0.00
192.168.20.48,34.214.111.43,5274128,60,2637064.00,30.00,1106239.00,10.00
192.168.20.48,157.241.5.46,3204866,68,3204866.00,68.00,0.00,0.00
192.168.20.48,3.233.174.130,1259743,43,1259743.00,43.00,0.00,0.00
192.168.20.48,54.205.24.65,17781923,580,17781923.00,580.00,0.00,0.00
192.168.20.48,72.21.207.82,896497,15,896497.00,15.00,0.00,0.00
192.168.20.48,52.72.244.88,3462674,65,3462674.00,65.00,0.00,0.00
192.168.20.48,209.54.178.164,1028201,12,1028201.00,12.00,0.00,0.00
192.168.20.48,209.54.178.166,1938838,33,1938838.00,33.00,0.00,0.00
192.168.20.48,44.198.224.47,45362930,1343,45362930.00,1343.00,0.00,0.00
192.168.20.48,54.225.152.58,1871903,47,1871903.00,47.00,0.00,0.00
192.168.20.48,52.84.174.70,73770,14,73770.00,14.00,0.00,0.00
192.168.20.48,52.76.51.147,3051108,36,1525554.00,18.00,24135.00,2.00
192.168.20.48,44.199.52.214,15643955,473,15643955.00,473.00,0.00,0.00
192.168.20.48,3.227.83.236,67514352,1986,67514352.00,1986.00,0.00,0.00
192.168.20.48,52.78.15.113,1377153,18,1377153.00,18.00,0.00,0.00
192.168.20.48,18.206.129.39,42663817977,1978,21331908988.50,989.00,19508096132.50,907.00
192.168.20.48,52.44.87.149,1761100,38,1761100.00,38.00,0.00,0.00
192.168.20.48,18.229.75.205,7404400,77,7404400.00,77.00,0.00,0.00
192.168.20.48,3.76.1.196,886284,56,886284.00,56.00,0.00,0.00
192.168.20.48,52.16.104.93,24407467422,1882,12203733711.00,941.00,11624069806.00,875.00
192.168.20.48,35.71.171.52,163664,14,163664.00,14.00,0.00,0.00
192.168.20.48,54.162.217.75,812907,20,812907.00,20.00,0.00,0.00
192.168.20.48,52.46.131.168,368843,12,368843.00,12.00,0.00,0.00
192.168.20.48,54.68.250.149,4970266,54,4970266.00,54.00,0.00,0.00
192.168.20.48,52.222.145.55,224040,20,224040.00,20.00,0.00,0.00
192.168.20.48,54.193.16.2,6397003,78,6397003.00,78.00,0.00,0.00
192.168.20.48,54.225.146.82,3116350,38,3116350.00,38.00,0.00,0.00
192.168.20.48,13.32.145.118,56555,11,56555.00,11.00,0.00,0.00
192.168.20.48,54.146.45.201,1134243,12,1134243.00,12.00,0.00,0.00
192.168.20.48,3.6.255.210,2729497,40,2729497.00,40.00,0.00,0.00
192.168.20.48,75.2.104.77,1321603,14,1321603.00,14.00,0.00,0.00
192.168.20.48,54.207.10.176,5288745,76,5288745.00,76.00,0.00,0.00
192.168.20.48,52.84.174.54,267921,40,267921.00,40.00,0.00,0.00
192.168.20.48,54.92.128.108,2854254,43,2854254.00,43.00,0.00,0.00
192.168.20.48,54.161.26.204,1362174,44,1362174.00,44.00,0.00,0.00
192.168.20.48,34.202.104.124,393091,10,393091.00,10.00,0.00,0.00
192.168.20.48,224.0.0.251,452002126,74,226001063.00,37.00,195163440.00,31.00
192.168.20.48,52.222.174.52,817861,14,817861.00,14.00,0.00,0.00
192.168.20.48,18.140.188.91,7442781,94,3721390.50,47.00,1650593.50,30.00
192.168.20.48,52.2.163.119,279460,5,279460.00,5.00,0.00,0.00
192.168.20.48,34.195.175.66,8031532,199,8031532.00,199.00,0.00,0.00
192.168.20.48,34.231.63.97,2022040,45,2022040.00,45.00,0.00,0.00
192.168.20.48,15.236.150.135,1281952,143,1281952.00,143.00,0.00,0.00
192.168.20.48,108.137.181.26,5463164,78,5463164.00,78.00,0.00,0.00
192.168.20.48,34.250.50.152,928643,93,928643.00,93.00,0.00,0.00
192.168.20.48,13.245.125.189,3976406,57,3976406.00,57.00,0.00,0.00
192.168.20.48,13.246.174.39,4306392,76,4306392.00,76.00,0.00,0.00
192.168.20.48,108.137.188.162,4867566,57,4867566.00,57.00,0.00,0.00
192.168.20.48,3.71.131.162,609573,52,609573.00,52.00,0.00,0.00
192.168.20.48,35.173.74.42,4707681,71,4707681.00,71.00,0.00,0.00
192.168.20.48,18.102.55.180,1367546,36,1367546.00,36.00,0.00,0.00
192.168.20.48,15.222.185.72,18387115,110,9193557.50,55.00,8792708.50,38.00
192.168.20.48,54.85.101.161,457776,22,457776.00,22.00,0.00,0.00
192.168.20.48,3.112.156.31,9493914,97,9493914.00,97.00,0.00,0.00
192.168.20.48,54.161.46.108,2742180,83,2742180.00,83.00,0.00,0.00
192.168.20.48,3.227.34.105,2420724,42,2420724.00,42.00,0.00,0.00
192.168.20.48,52.46.128.39,3947167,68,3947167.00,68.00,0.00,0.00
192.168.20.48,52.46.131.209,823615,28,823615.00,28.00,0.00,0.00
192.168.20.48,54.243.160.51,622741,7,622741.00,7.00,0.00,0.00
192.168.20.48,104.199.65.124,72568593594,7445,36284296797.00,3722.50,33483920135.00,3420.50
192.168.20.48,18.102.88.160,904105,89,904105.00,89.00,0.00,0.00
192.168.20.48,13.54.168.82,7044949,52,7044949.00,52.00,0.00,0.00
192.168.20.48,54.158.105.246,1180828,42,1180828.00,42.00,0.00,0.00
192.168.20.48,255.255.255.255,49687,72,24843.50,36.00,23162.50,30.00
192.168.20.48,54.167.53.194,1766645,46,1766645.00,46.00,0.00,0.00
192.168.20.48,52.46.131.184,905607,17,905607.00,17.00,0.00,0.00
192.168.20.48,52.119.198.2,464766,13,464766.00,13.00,0.00,0.00
192.168.20.48,157.175.241.61,2123116,36,2123116.00,36.00,0.00,0.00
192.168.20.48,18.155.126.209,4677981,151,2338990.50,75.50,647152.50,36.50
192.168.20.48,54.249.26.192,3099305,40,3099305.00,40.00,0.00,0.00
192.168.20.48,3.18.23.108,4651717,73,4651717.00,73.00,0.00,0.00
192.168.20.48,15.184.245.166,1339601,41,1339601.00,41.00,0.00,0.00
192.168.20.48,16.163.233.23,8752703,92,4376351.50,46.00,1799456.50,29.00
192.168.20.48,35.164.36.47,4215029,39,4215029.00,39.00,0.00,0.00
192.168.20.48,18.214.180.6,38755140,1218,19377570.00,609.00,16910002.00,537.00
192.168.20.48,35.178.87.88,310592,35,310592.00,35.00,0.00,0.00
192.168.20.48,18.203.57.224,13945521277,1053,13945521277.00,1053.00,0.00,0.00
192.168.20.48,15.161.86.203,1501742,53,1501742.00,53.00,0.00,0.00
192.168.20.48,3.234.38.31,77502,1,77502.00,1.00,0.00,0.00
192.168.20.48,54.232.199.45,2601032,41,2601032.00,41.00,0.00,0.00
192.168.20.48,3.224.249.36,1820084,44,1820084.00,44.00,0.00,0.00
192.168.20.48,35.183.173.98,9748787,208,9748787.00,208.00,0.00,0.00
192.168.20.48,43.205.35.127,6355419,94,6355419.00,94.00,0.00,0.00
192.168.20.48,52.201.117.32,2520372,52,2520372.00,52.00,0.00,0.00
192.168.20.48,52.202.2.34,51198886,1500,25599443.00,750.00,274286.00,8.00
192.168.20.48,3.105.75.37,15345740,145,15345740.00,145.00,0.00,0.00
192.168.20.48,23.22.232.191,3031565,79,1515782.50,39.50,1135321.50,22.50
192.168.20.48,13.37.191.91,214626,54,107313.00,27.00,29342.00,9.00
192.168.20.48,52.46.133.103,442280,12,442280.00,12.00,0.00,0.00
192.168.20.48,13.50.30.171,2085349,128,2085349.00,128.00,0.00,0.00
192.168.20.48,3.140.228.75,4833179,70,4833179.00,70.00,0.00,0.00
192.168.20.48,50.17.237.83,908391,21,908391.00,21.00,0.00,0.00
192.168.20.48,54.164.163.115,46148016,1348,46148016.00,1348.00,0.00,0.00
192.168.20.48,52.46.155.120,979294,17,979294.00,17.00,0.00,0.00
192.168.20.48,52.84.177.20,60175265,1552,60175265.00,1552.00,0.00,0.00
192.168.20.48,54.221.200.137,31515608,964,31515608.00,964.00,0.00,0.00
192.168.20.48,35.178.33.97,2433040,167,2433040.00,167.00,0.00,0.00
192.168.20.48,52.45.237.36,77719,1,77719.00,1.00,0.00,0.00
192.168.20.48,52.46.157.6,673765,15,673765.00,15.00,0.00,0.00
192.168.20.48,52.79.118.208,11391723,129,5695861.50,64.50,2894521.50,26.50
192.168.20.48,108.136.92.85,3547839,38,3547839.00,38.00,0.00,0.00
192.168.20.48,34.236.6.206,76905,1,76905.00,1.00,0.00,0.00
192.168.20.48,54.242.128.35,7020464,113,7020464.00,113.00,0.00,0.00
108.137.188.162,192.168.20.48,894779,3,894779.00,3.00,0.00,0.00
3.71.131.162,192.168.20.48,27174,3,27174.00,3.00,0.00,0.00
35.173.74.42,192.168.20.48,360435,5,360435.00,5.00,0.00,0.00
52.94.233.94,192.168.20.43,1323,3,1323.00,3.00,0.00,0.00
15.222.185.72,192.168.20.48,161601,7,80800.50,3.50,79724.50,2.50
54.85.101.161,192.168.20.48,291485,2,291485.00,2.00,0.00,0.00
54.161.46.108,192.168.20.48,6613,4,6613.00,4.00,0.00,0.00
3.227.34.105,192.168.20.48,58172,2,58172.00,2.00,0.00,0.00
52.84.174.45,192.168.20.43,8113,1,8113.00,1.00,0.00,0.00
52.46.128.39,192.168.20.48,113529,3,113529.00,3.00,0.00,0.00
18.102.88.160,192.168.20.48,10746,5,10746.00,5.00,0.00,0.00
13.54.168.82,192.168.20.48,3416,3,3416.00,3.00,0.00,0.00
54.158.105.246,192.168.20.48,11552,4,11552.00,4.00,0.00,0.00
192.168.20.20,18.200.177.60,18157224124,1007,18157224124.00,1007.00,0.00,0.00
192.168.20.20,8.8.8.8,115226,8,57613.00,4.00,22651.00,2.00
192.168.20.20,54.194.135.95,264548,11,264548.00,11.00,0.00,0.00
192.168.20.20,52.215.192.18,38632523985,2111,19316261992.50,1055.50,16824371838.50,915.50
192.168.20.20,224.0.0.251,1696148,48,848074.00,24.00,813860.00,22.00
18.155.126.209,192.168.20.43,1053,11,1053.00,11.00,0.00,0.00
18.155.126.209,192.168.20.48,20821,17,10410.50,8.50,899.50,2.50
3.18.23.108,192.168.20.48,103632,4,103632.00,4.00,0.00,0.00
15.184.245.166,192.168.20.48,49020,2,49020.00,2.00,0.00,0.00
54.75.207.158,192.168.20.43,216,2,216.00,2.00,0.00,0.00
199.232.58.248,192.168.20.42,320,6,320.00,6.00,0.00,0.00
35.164.36.47,192.168.20.48,598821,2,598821.00,2.00,0.00,0.00
35.178.87.88,192.168.20.48,152210,1,152210.00,1.00,0.00,0.00
15.161.86.203,192.168.20.48,2520,2,2520.00,2.00,0.00,0.00
52.202.2.34,192.168.20.48,4449676,61,2224838.00,30.50,246814.00,0.50
3.105.75.37,192.168.20.48,1898543,8,1898543.00,8.00,0.00,0.00
18.164.49.183,192.168.20.43,11906,10,11906.00,10.00,0.00,0.00
13.37.191.91,192.168.20.48,6020,3,3010.00,1.50,1040.00,0.50
13.50.30.171,192.168.20.48,427690,8,427690.00,8.00,0.00,0.00
3.140.228.75,192.168.20.48,800276,4,800276.00,4.00,0.00,0.00
176.32.101.122,192.168.20.43,1277,1,1277.00,1.00,0.00,0.00
50.17.237.83,192.168.20.48,1050,1,1050.00,1.00,0.00,0.00
52.46.149.63,192.168.20.43,14460,2,14460.00,2.00,0.00,0.00
8.6.0.1,8.0.6.4,83537744569,42409,41768872284.50,21204.50,38199052091.50,19460.50
52.79.118.208,192.168.20.48,1296651,9,648325.50,4.50,296048.50,2.50
108.136.92.85,192.168.20.48,751692,2,751692.00,2.00,0.00,0.00
54.159.111.180,192.168.20.43,83077,4,83077.00,4.00,0.00,0.00
216.58.215.48,192.168.20.42,4980,3,4980.00,3.00,0.00,0.00
52.222.193.55,192.168.20.43,5217593238,227,5217593238.00,227.00,0.00,0.00
52.222.193.55,192.168.20.48,63611,47,63611.00,47.00,0.00,0.00
44.199.138.71,192.168.20.48,1937804,30,1937804.00,30.00,0.00,0.00
52.46.141.254,192.168.20.43,1095,2,1095.00,2.00,0.00,0.00
52.46.145.14,192.168.20.43,5266,3,5266.00,3.00,0.00,0.00
52.119.198.106,192.168.20.48,268689,1,268689.00,1.00,0.00,0.00
52.46.129.152,192.168.20.43,144,2,144.00,2.00,0.00,0.00
142.250.179.99,192.168.20.42,2537,3,2537.00,3.00,0.00,0.00
54.239.19.122,192.168.20.48,1200,2,1200.00,2.00,0.00,0.00
35.171.216.243,192.168.20.48,17086,2,17086.00,2.00,0.00,0.00
34.228.101.107,192.168.20.48,61245,2,61245.00,2.00,0.00,0.00
52.95.127.117,192.168.20.43,2633,1,2633.00,1.00,0.00,0.00
52.46.136.110,192.168.20.43,1430,3,1430.00,3.00,0.00,0.00
216.58.214.78,192.168.20.42,8880,6,4440.00,3.00,3382.00,2.00
44.193.236.65,192.168.20.48,5646425,71,5646425.00,71.00,0.00,0.00
54.187.92.102,192.168.20.43,113,2,113.00,2.00,0.00,0.00
52.214.227.89,192.168.20.43,584940332,102,292470166.00,51.00,292468695.00,46.00
52.214.227.89,192.168.20.48,38677,25,38677.00,25.00,0.00,0.00
52.94.236.45,192.168.20.43,3513,6,3513.00,6.00,0.00,0.00
209.54.183.188,192.168.20.43,1364,1,1364.00,1.00,0.00,0.00
52.46.133.19,192.168.20.48,190545,1,190545.00,1.00,0.00,0.00
54.166.21.152,192.168.20.48,1634088,21,817044.00,10.50,768044.00,6.50
52.94.235.74,192.168.20.43,2859,1,2859.00,1.00,0.00,0.00
192.168.20.19,54.217.52.155,11955854886,3000,5977927443.00,1500.00,5511274384.00,1357.00
192.168.20.19,203.107.6.88,4163369,20,2081684.50,10.00,1873469.50,9.00
192.168.20.19,216.239.35.8,114892,20,57446.00,10.00,51785.00,9.00
192.168.20.19,54.74.123.186,260921965,717,130460982.50,358.50,109851576.50,303.50
192.168.20.19,63.32.248.122,2856394,350,1428197.00,175.00,1353842.00,165.00
192.168.20.19,8.8.4.4,3884784,821,1942392.00,410.50,1724418.00,356.50
192.168.20.19,54.171.25.87,376325636,1027,188162818.00,513.50,167483826.00,449.50
192.168.20.19,216.239.35.4,115413,20,57706.50,10.00,52067.50,9.00
192.168.20.19,173.194.76.206,64381565377,2933,32190782688.50,1466.50,29402140846.50,1340.50
192.168.20.19,216.239.35.12,248404,20,124202.00,10.00,111799.00,9.00
192.168.20.19,224.0.0.22,375544168,1414,187772084.00,707.00,172817501.00,649.00
192.168.20.19,216.239.35.0,116716,20,58358.00,10.00,52510.00,9.00
192.168.20.19,52.210.32.69,11307601414,2828,5653800707.00,1414.00,5269727206.00,1241.00
192.168.20.19,8.8.8.8,4377579,835,2188789.50,417.50,2067630.50,387.50
192.168.20.19,108.128.53.179,10866589311,2723,5433294655.50,1361.50,5046271729.50,1246.50
192.168.20.19,54.78.125.193,339933854,917,169966927.00,458.50,143026555.00,383.50
192.168.20.19,239.255.255.250,56906196336,10104,28453098168.00,5052.00,26021731570.00,4620.00
192.168.20.19,34.117.13.189,67742735544,3871,33871367772.00,1935.50,30910728147.00,1768.50
192.168.20.19,224.0.0.251,42912888358,1518,21456444179.00,759.00,19599072034.00,691.00
192.168.20.19,54.171.11.240,3063898,360,1531949.00,180.00,1333245.00,160.00
192.168.20.19,120.25.115.20,4950325,19,2475162.50,9.50,2218656.50,8.50
54.239.31.104,192.168.20.48,113638,3,113638.00,3.00,0.00,0.00
192.168.20.18,51.195.117.133,90611113,75,45305556.50,37.50,42133084.50,34.50
192.168.20.18,129.6.15.28,15254691,8,15254691.00,8.00,0.00,0.00
192.168.20.18,52.31.222.8,10379969,873,5189984.50,436.50,4745502.50,400.50
52.46.153.141,192.168.20.43,19530,3,19530.00,3.00,0.00,0.00
209.54.181.79,192.168.20.43,2007,3,2007.00,3.00,0.00,0.00
44.207.137.197,192.168.20.48,85409,3,85409.00,3.00,0.00,0.00
54.157.203.98,192.168.20.48,1222595,24,1222595.00,24.00,0.00,0.00
15.188.36.183,192.168.20.48,14301,6,14301.00,6.00,0.00,0.00
192.168.20.13,18.195.249.137,504203,30,504203.00,30.00,0.00,0.00
192.168.20.13,255.255.255.255,81695128898,17039,40847564449.00,8519.50,37342532013.00,7788.50
192.168.20.13,3.120.92.134,71820506976,3059,35910253488.00,1529.50,32430657807.00,1392.50
192.168.20.12,18.195.249.137,687893,40,687893.00,40.00,0.00,0.00
192.168.20.12,255.255.255.255,81709268609,17037,40854634304.50,8518.50,37349677150.50,7787.50
192.168.20.12,3.120.92.134,70626753538,3072,35313376769.00,1536.00,32492696705.00,1409.00
3.227.117.250,192.168.20.48,4807,2,4807.00,2.00,0.00,0.00
192.168.20.10,35.195.102.202,79445681588,11161,39722840794.00,5580.50,36358490098.00,5107.50
16.16.59.238,192.168.20.48,549961,8,549961.00,8.00,0.00,0.00
18.164.55.96,192.168.20.43,4967,1,4967.00,1.00,0.00,0.00
35.167.225.196,192.168.20.43,1592,1,1592.00,1.00,0.00,0.00
35.167.225.196,192.168.20.48,28011,3,28011.00,3.00,0.00,0.00
192.168.20.15,255.255.255.255,83087123647,28396,41543561823.50,14198.00,37976574336.50,12979.00
192.168.20.15,3.126.235.192,201516,17,201516.00,17.00,0.00,0.00
192.168.20.15,52.59.40.69,71332326897,3074,35666163448.50,1537.00,32606480360.50,1405.00
52.84.179.94,192.168.20.43,20158,5,20158.00,5.00,0.00,0.00
52.20.206.121,192.168.20.48,3165280,53,3165280.00,53.00,0.00,0.00
52.36.138.241,192.168.20.43,316,8,316.00,8.00,0.00,0.00
18.156.17.11,192.168.20.48,48637,2,48637.00,2.00,0.00,0.00
209.54.181.98,192.168.20.48,478274,2,478274.00,2.00,0.00,0.00
54.238.156.226,192.168.20.48,1786944,12,1786944.00,12.00,0.00,0.00
3.212.57.174,192.168.20.48,941,1,941.00,1.00,0.00,0.00
52.46.137.255,192.168.20.48,58598,4,58598.00,4.00,0.00,0.00
52.71.238.202,192.168.20.48,1025,1,1025.00,1.00,0.00,0.00
54.194.135.95,192.168.20.20,3383,2,3383.00,2.00,0.00,0.00
54.239.35.210,192.168.20.43,1039,1,1039.00,1.00,0.00,0.00
13.125.158.78,192.168.20.48,891004,9,891004.00,9.00,0.00,0.00
34.214.111.43,192.168.20.48,499987,4,249993.50,2.00,244460.50,0.00
157.241.5.46,192.168.20.48,9101,4,9101.00,4.00,0.00,0.00
52.72.244.88,192.168.20.48,377786,5,377786.00,5.00,0.00,0.00
209.54.178.164,192.168.20.48,39918,1,39918.00,1.00,0.00,0.00
216.58.204.110,192.168.20.42,45054359,3,45054359.00,3.00,0.00,0.00
173.194.76.206,192.168.20.19,623,2,623.00,2.00,0.00,0.00
54.225.152.58,192.168.20.48,397142,2,397142.00,2.00,0.00,0.00
3.227.83.236,192.168.20.48,4898922,74,4898922.00,74.00,0.00,0.00
52.78.15.113,192.168.20.48,450100,1,450100.00,1.00,0.00,0.00
52.84.174.66,192.168.20.43,1224,1,1224.00,1.00,0.00,0.00
52.44.87.149,192.168.20.48,356430,5,356430.00,5.00,0.00,0.00
52.84.174.68,192.168.20.43,1092,1,1092.00,1.00,0.00,0.00
216.58.213.70,192.168.20.42,1064,1,1064.00,1.00,0.00,0.00
3.76.1.196,192.168.20.48,7019,5,7019.00,5.00,0.00,0.00
216.58.213.78,192.168.20.42,1343,1,1343.00,1.00,0.00,0.00
54.162.217.75,192.168.20.48,1119,1,1119.00,1.00,0.00,0.00
52.46.131.168,192.168.20.48,14293,3,14293.00,3.00,0.00,0.00
54.68.250.149,192.168.20.48,371471,4,371471.00,4.00,0.00,0.00
52.222.145.55,192.168.20.43,179896807,6,179896807.00,6.00,0.00,0.00
52.222.145.55,192.168.20.48,143,2,143.00,2.00,0.00,0.00
54.193.16.2,192.168.20.48,792450,5,792450.00,5.00,0.00,0.00
13.32.145.118,192.168.20.48,93511,1,93511.00,1.00,0.00,0.00
151.101.1.16,192.168.20.43,1038,8,1038.00,8.00,0.00,0.00
0.0.0.0,255.255.255.255,1056138,8,1056138.00,8.00,0.00,0.00
52.46.137.106,192.168.20.43,1194,2,1194.00,2.00,0.00,0.00
54.207.10.176,192.168.20.48,779331,4,779331.00,4.00,0.00,0.00
54.92.128.108,192.168.20.48,519203,2,519203.00,2.00,0.00,0.00
54.161.26.204,192.168.20.48,332591,3,332591.00,3.00,0.00,0.00
52.46.136.68,192.168.20.43,3505,5,3505.00,5.00,0.00,0.00
52.222.174.52,192.168.20.48,163,2,163.00,2.00,0.00,0.00
216.58.213.67,192.168.20.42,1178,1,1178.00,1.00,0.00,0.00
34.195.175.66,192.168.20.48,566858,6,566858.00,6.00,0.00,0.00
34.231.63.97,192.168.20.48,2217,2,2217.00,2.00,0.00,0.00
15.236.150.135,192.168.20.48,145058,8,145058.00,8.00,0.00,0.00
52.46.144.253,192.168.20.43,3010,3,3010.00,3.00,0.00,0.00
34.250.50.152,192.168.20.48,6712,5,6712.00,5.00,0.00,0.00
108.137.181.26,192.168.20.48,245253,5,245253.00,5.00,0.00,0.00
13.246.174.39,192.168.20.48,833409,5,833409.00,5.00,0.00,0.00
13.245.125.189,192.168.20.48,6574,5,6574.00,5.00,0.00,0.00
18.102.55.180,192.168.20.48,3317,2,3317.00,2.00,0.00,0.00
3.112.156.31,192.168.20.48,1342431,5,1342431.00,5.00,0.00,0.00
3.226.196.104,192.168.20.43,79953,2,79953.00,2.00,0.00,0.00
52.94.232.195,192.168.20.43,12555,3,12555.00,3.00,0.00,0.00
54.161.84.13,192.168.20.43,1161,2,1161.00,2.00,0.00,0.00
54.167.53.194,192.168.20.48,4666,2,4666.00,2.00,0.00,0.00
54.239.26.255,192.168.20.43,1793,3,1793.00,3.00,0.00,0.00
52.119.198.2,192.168.20.48,177215,3,177215.00,3.00,0.00,0.00
63.32.248.122,192.168.20.19,32305,70,16152.50,35.00,15234.50,33.00
157.175.241.61,192.168.20.48,500357,3,500357.00,3.00,0.00,0.00
54.249.26.192,192.168.20.48,397620,3,397620.00,3.00,0.00,0.00
142.250.179.74,192.168.20.42,1126,3,1126.00,3.00,0.00,0.00
16.163.233.23,192.168.20.48,1057130,6,528565.00,3.00,195561.00,2.00
18.214.180.6,192.168.20.48,3167350,44,1583675.00,22.00,748404.00,20.00
18.203.57.224,192.168.20.43,14911,11,14911.00,11.00,0.00,0.00
18.203.57.224,192.168.20.48,2827651628,286,1413825814.00,143.00,1413802884.00,132.00
54.232.199.45,192.168.20.48,376380,2,376380.00,2.00,0.00,0.00
52.46.137.209,192.168.20.43,1178,3,1178.00,3.00,0.00,0.00
3.224.249.36,192.168.20.48,388027,2,388027.00,2.00,0.00,0.00
35.183.173.98,192.168.20.48,794082,12,794082.00,12.00,0.00,0.00
43.205.35.127,192.168.20.48,684977,6,684977.00,6.00,0.00,0.00
52.201.117.32,192.168.20.48,5167,4,5167.00,4.00,0.00,0.00
178.236.7.140,192.168.20.43,1113,1,1113.00,1.00,0.00,0.00
23.22.232.191,192.168.20.48,386610,5,193305.00,2.50,191953.00,1.50
52.46.133.103,192.168.20.48,184133,1,184133.00,1.00,0.00,0.00
142.250.74.238,192.168.20.42,5421,3,5421.00,3.00,0.00,0.00
54.164.163.115,192.168.20.48,2953477,56,2953477.00,56.00,0.00,0.00
52.84.177.20,192.168.20.43,18947,136,18947.00,136.00,0.00,0.00
52.84.177.20,192.168.20.48,854990,152,854990.00,152.00,0.00,0.00
54.221.200.137,192.168.20.48,2031718,38,2031718.00,38.00,0.00,0.00
35.178.33.97,192.168.20.48,394426,11,394426.00,11.00,0.00,0.00
52.210.32.69,192.168.20.19,108,2,108.00,2.00,0.00,0.00
54.242.128.35,192.168.20.48,552091,6,552091.00,6.00,0.00,0.00
52.222.149.107,192.168.20.43,9089,1,9089.00,1.00,0.00,0.00
18.164.55.101,192.168.20.43,4116,1,4116.00,1.00,0.00,0.00
54.239.33.155,192.168.20.43,8066,4,4033.00,2.00,518.00,0.00
