Date,Src IP,Dst IP,Total Flow Duration,Total Forward Packets
06/11/2022,192.168.20.43,54.85.101.161,97285495,46
06/11/2022,192.168.20.48,54.215.58.112,4202368,58
06/11/2022,142.250.74.238,192.168.20.42,5421,3
06/11/2022,192.168.20.48,18.163.70.120,5023879,58
06/11/2022,192.168.20.48,16.16.59.238,2127900,111
06/11/2022,192.168.20.48,50.17.237.83,908391,21
06/11/2022,23.22.232.191,192.168.20.48,385258,4
06/11/2022,52.46.133.19,192.168.20.48,190545,1
06/11/2022,192.168.20.43,35.155.9.57,73622867,85
06/11/2022,3.28.113.52,192.168.20.48,2827,2
05/11/2022,192.168.20.43,34.195.153.29,3841189,25
06/11/2022,192.168.20.48,54.92.128.108,2854254,43
05/11/2022,192.168.20.42,255.255.255.255,3902266094,121
06/11/2022,192.168.20.48,52.46.149.57,985542,17
06/11/2022,192.168.20.48,52.46.143.123,444774,14
05/11/2022,192.168.20.48,13.37.191.91,77971,18
06/11/2022,192.168.20.43,34.237.111.59,13233006,21
05/11/2022,192.168.20.48,255.255.255.255,1681,6
06/11/2022,192.168.20.48,52.46.157.6,673765,15
06/11/2022,192.168.20.43,54.239.26.255,377284,12
06/11/2022,52.46.131.168,192.168.20.48,14293,3
06/11/2022,192.168.20.48,15.197.228.53,879533,12
06/11/2022,192.168.20.48,52.44.87.149,1761100,38
06/11/2022,18.155.126.209,192.168.20.48,9511,6
06/11/2022,209.54.179.233,192.168.20.43,6116,3
05/11/2022,192.168.20.20,8.8.8.8,34962,2
06/11/2022,192.168.20.43,184.73.130.219,27844502,118
05/11/2022,192.168.20.43,52.200.163.50,60160909,4
06/11/2022,3.223.79.67,192.168.20.48,4424,3
06/11/2022,192.168.20.43,34.236.6.206,76890,1
06/11/2022,192.168.20.43,54.209.44.8,59882345,431
06/11/2022,13.48.15.205,192.168.20.48,370854,9
06/11/2022,18.229.75.205,192.168.20.48,1257514,6
05/11/2022,192.168.20.43,192.168.20.1,150699,60
06/11/2022,192.168.20.19,8.8.4.4,3666810,767
06/11/2022,192.168.20.43,54.226.11.35,14863582,59
06/11/2022,192.168.20.48,3.233.174.130,1259743,43
06/11/2022,18.164.55.101,192.168.20.43,4116,1
06/11/2022,192.168.20.43,34.195.153.29,27642084,180
06/11/2022,35.183.173.98,192.168.20.48,794082,12
05/11/2022,192.168.20.43,3.237.53.195,3407264,12
06/11/2022,192.168.20.43,52.204.152.47,16037654,118
06/11/2022,192.168.20.15,52.59.40.69,68272643809,2942
05/11/2022,52.222.149.51,192.168.20.43,327,3
06/11/2022,52.78.15.113,192.168.20.48,450100,1
06/11/2022,18.164.55.40,192.168.20.43,1411,1
06/11/2022,192.168.20.43,54.92.134.147,987107003,126
06/11/2022,192.168.20.43,72.21.207.143,461974,11
06/11/2022,192.168.20.42,216.58.209.234,195498156,35
06/11/2022,192.168.20.48,54.232.199.45,2601032,41
06/11/2022,192.168.20.43,52.200.163.50,1260562781,164
05/11/2022,192.168.20.15,52.59.40.69,3059683088,132
06/11/2022,192.168.20.43,44.211.15.145,1426214964,182
05/11/2022,192.168.20.45,239.255.255.250,2760991487,854
05/11/2022,192.168.20.42,239.255.255.251,1680278370,55
05/11/2022,192.168.20.48,239.255.255.250,1482,3
05/11/2022,192.168.20.48,104.199.65.124,2800376662,302
05/11/2022,192.168.20.48,52.16.104.93,579663905,66
06/11/2022,192.168.20.43,52.46.132.114,403413,13
06/11/2022,52.79.118.208,192.168.20.48,944374,7
06/11/2022,192.168.20.43,54.242.128.35,25476999,37
06/11/2022,18.102.88.160,192.168.20.48,10746,5
06/11/2022,192.168.20.48,3.227.83.236,67514352,1986
05/11/2022,192.168.20.19,54.171.11.240,198704,20
06/11/2022,192.168.20.48,52.119.198.101,1970390,35
06/11/2022,192.168.20.19,34.117.13.189,64782095919,3704
05/11/2022,192.168.20.43,34.210.228.239,17450072,36
06/11/2022,18.167.1.113,192.168.20.48,2230719,8
06/11/2022,199.232.58.248,192.168.20.42,320,6
06/11/2022,192.168.20.43,52.94.217.134,329305185,118
06/11/2022,54.238.156.226,192.168.20.48,1786944,12
06/11/2022,192.168.20.48,52.119.198.106,976312,16
05/11/2022,192.168.20.13,3.120.92.134,3479595681,137
06/11/2022,192.168.20.43,52.46.137.209,901828,24
06/11/2022,192.168.20.43,52.201.117.32,193399893,83
06/11/2022,52.46.128.39,192.168.20.48,113529,3
06/11/2022,18.164.55.96,192.168.20.43,4967,1
06/11/2022,192.168.20.48,13.50.30.171,2085349,128
06/11/2022,192.168.20.45,37.187.104.44,6149,1
06/11/2022,3.105.75.37,192.168.20.48,1898543,8
05/11/2022,192.168.20.43,52.45.200.111,109010787,14
06/11/2022,192.168.20.48,54.207.10.176,5288745,76
06/11/2022,43.201.125.242,192.168.20.48,1201781,6
06/11/2022,192.168.20.43,209.54.178.134,438191,11
06/11/2022,52.46.137.255,192.168.20.48,58598,4
05/11/2022,192.168.20.10,35.195.102.202,3364350696,473
06/11/2022,192.168.20.43,34.194.49.5,1008819075,126
05/11/2022,23.22.232.191,192.168.20.48,1352,1
06/11/2022,54.225.152.58,192.168.20.48,397142,2
06/11/2022,192.168.20.48,3.227.34.105,2420724,42
06/11/2022,192.168.20.43,52.95.123.17,150865994,40
06/11/2022,52.202.2.34,192.168.20.48,1978024,31
06/11/2022,52.119.198.106,192.168.20.48,268689,1
05/11/2022,192.168.20.42,192.168.20.1,1860310429,116
05/11/2022,192.168.20.48,18.214.180.6,2467568,72
06/11/2022,192.168.20.18,129.6.15.28,15254691,8
06/11/2022,34.252.33.62,192.168.20.48,2766,2
06/11/2022,192.168.20.43,52.46.149.20,102282211,21
06/11/2022,192.168.20.48,3.28.113.52,1671644,19
06/11/2022,192.168.20.43,54.239.35.211,81728940,53
06/11/2022,54.85.101.161,192.168.20.48,291485,2
06/11/2022,192.168.20.43,54.239.35.210,110239999,53
06/11/2022,192.168.20.43,35.173.14.214,45936090,292
06/11/2022,15.184.245.166,192.168.20.48,49020,2
06/11/2022,192.168.20.48,54.239.27.82,1766162,36
06/11/2022,192.168.20.48,54.164.163.115,46148016,1348
05/11/2022,192.168.20.48,18.140.188.91,2070797,17
06/11/2022,192.168.20.19,120.25.115.20,4693819,18
05/11/2022,192.168.20.43,146.59.88.209,29647,1
06/11/2022,192.168.20.43,52.95.125.12,167174590,39
06/11/2022,192.168.20.48,34.250.50.152,928643,93
06/11/2022,192.168.20.48,52.20.206.121,40366905,1245
06/11/2022,54.239.35.210,192.168.20.43,1039,1
06/11/2022,108.136.92.85,192.168.20.48,751692,2
06/11/2022,192.168.20.43,52.202.2.34,37099475,21
06/11/2022,3.140.228.75,192.168.20.48,800276,4
05/11/2022,192.168.20.43,34.232.93.236,4384576,25
06/11/2022,192.168.20.48,52.71.238.202,1316195,28
05/11/2022,192.168.20.19,54.171.25.87,20678992,64
05/11/2022,192.168.20.19,120.25.115.20,256506,1
06/11/2022,192.168.20.43,3.224.249.36,96650707,36
06/11/2022,34.231.63.97,192.168.20.48,2217,2
05/11/2022,192.168.20.43,35.155.9.57,62197139,315
06/11/2022,192.168.20.43,100.21.0.103,44326377,108
06/11/2022,192.168.20.48,52.46.133.103,442280,12
06/11/2022,52.94.232.195,192.168.20.43,12555,3
05/11/2022,192.168.20.19,173.194.76.206,2788641842,126
06/11/2022,192.168.20.48,72.21.195.82,1802883,31
06/11/2022,192.168.20.43,52.222.145.55,60513235,40
06/11/2022,52.84.174.68,192.168.20.43,1092,1
05/11/2022,192.168.20.42,8.8.8.8,1860714320,241
06/11/2022,192.168.20.42,216.58.206.234,550446816,222
06/11/2022,192.168.20.48,3.226.187.174,156721,5
06/11/2022,54.159.111.180,192.168.20.43,83077,4
06/11/2022,192.168.20.48,43.201.125.242,7466560,74
05/11/2022,192.168.20.19,216.239.35.0,5848,1
05/11/2022,192.168.20.19,216.239.35.4,5639,1
05/11/2022,192.168.20.19,216.239.35.8,5661,1
06/11/2022,192.168.20.43,52.46.131.169,869453,21
06/11/2022,192.168.20.45,239.255.255.250,61650530912,19022
05/11/2022,192.168.20.48,8.8.8.8,218995,26
06/11/2022,192.168.20.42,239.255.255.251,40858946263,1337
06/11/2022,192.168.20.43,52.46.145.14,489000,12
06/11/2022,192.168.20.43,50.17.237.83,96660304,39
06/11/2022,192.168.20.48,239.255.255.250,3745,33
05/11/2022,192.168.20.43,52.214.227.89,2786656600,442
05/11/2022,52.222.149.107,192.168.20.43,9089,1
06/11/2022,192.168.20.43,18.210.245.179,96272714,49
06/11/2022,192.168.20.19,8.8.8.8,4256420,805
06/11/2022,192.168.20.48,34.252.33.62,397643,34
06/11/2022,192.168.20.48,15.188.36.183,518477,107
06/11/2022,192.168.20.43,3.89.179.154,1217171057,154
06/11/2022,192.168.20.19,54.171.11.240,2865194,340
06/11/2022,192.168.20.43,18.232.172.63,767159912,98
06/11/2022,192.168.20.48,34.228.101.107,2223139,37
05/11/2022,52.79.118.208,192.168.20.48,352277,2
06/11/2022,192.168.20.48,3.112.156.31,9493914,97
05/11/2022,192.168.20.42,74.125.140.188,2413009710,84
06/11/2022,142.250.201.170,192.168.20.42,1375,1
06/11/2022,192.168.20.48,13.125.158.78,8227638,94
06/11/2022,52.46.149.63,192.168.20.43,14460,2
06/11/2022,54.239.26.255,192.168.20.43,1793,3
06/11/2022,192.168.20.43,34.192.154.181,49022321,444
05/11/2022,192.168.20.43,18.164.55.40,1812582,12
06/11/2022,192.168.20.48,54.225.152.58,1871903,47
06/11/2022,216.58.213.67,192.168.20.42,1178,1
06/11/2022,192.168.20.48,52.45.237.36,77719,1
06/11/2022,54.68.250.149,192.168.20.48,371471,4
05/11/2022,192.168.20.43,3.208.140.212,3711274,14
05/11/2022,192.168.20.12,3.120.92.134,2820680064,127
06/11/2022,192.168.20.42,216.58.198.202,95855242,53
06/11/2022,35.171.216.243,192.168.20.48,17086,2
05/11/2022,192.168.20.43,34.202.49.39,109377325,14
05/11/2022,192.168.20.43,151.101.1.16,328903,179
06/11/2022,18.102.55.180,192.168.20.48,3317,2
06/11/2022,192.168.20.43,52.119.197.246,4068968,98
05/11/2022,192.168.20.43,3.211.221.42,221253372,28
05/11/2022,192.168.20.43,54.209.44.8,4163040,31
05/11/2022,192.168.20.19,34.117.13.189,2960639625,167
06/11/2022,192.168.20.43,54.68.57.171,87772232,204
06/11/2022,52.84.179.94,192.168.20.43,20158,5
06/11/2022,54.91.103.251,192.168.20.48,8654553,126
06/11/2022,18.140.188.91,192.168.20.48,376124,6
06/11/2022,35.164.36.47,192.168.20.48,598821,2
05/11/2022,13.37.191.91,192.168.20.48,1970,1
06/11/2022,192.168.20.43,52.84.179.94,213992391,378
06/11/2022,192.168.20.19,54.217.52.155,11489201827,2857
05/11/2022,209.54.178.164,192.168.20.48,39918,1
05/11/2022,192.168.20.43,8.8.8.8,525166,57
06/11/2022,52.206.230.179,192.168.20.48,3890,2
06/11/2022,192.168.20.48,13.248.200.177,136658,27
06/11/2022,52.76.51.147,192.168.20.48,455086,1
06/11/2022,192.168.20.48,54.161.46.108,2742180,83
06/11/2022,192.168.20.43,23.22.235.16,982282449,126
05/11/2022,192.168.20.43,107.20.216.54,109336600,14
05/11/2022,192.168.20.43,3.226.196.104,52787390,1632
06/11/2022,44.193.236.65,192.168.20.48,5646425,71
06/11/2022,52.46.144.253,192.168.20.43,3010,3
06/11/2022,50.17.237.83,192.168.20.48,1050,1
05/11/2022,192.168.20.19,52.210.32.69,384073501,173
06/11/2022,192.168.20.48,23.22.232.191,2651104,62
06/11/2022,192.168.20.48,52.84.177.20,60175265,1552
06/11/2022,192.168.20.43,52.1.172.87,20718609,187
06/11/2022,192.168.20.48,34.195.175.66,8031532,199
06/11/2022,192.168.20.48,54.85.101.161,457776,22
06/11/2022,3.76.1.196,192.168.20.48,7019,5
05/11/2022,192.168.20.43,224.0.0.251,499443045,13
06/11/2022,192.168.20.43,72.21.195.82,115892750,24
06/11/2022,192.168.20.43,54.92.128.108,97056742,36
06/11/2022,192.168.20.43,3.226.196.104,26459240,203
06/11/2022,192.168.20.43,52.94.233.61,496751,30
06/11/2022,192.168.20.43,44.199.52.214,133836787,42
06/11/2022,192.168.20.43,44.240.184.205,37007464,123
06/11/2022,216.58.209.234,192.168.20.42,1308,1
06/11/2022,192.168.20.48,54.162.217.75,812907,20
06/11/2022,192.168.20.48,18.155.126.209,1691838,39
06/11/2022,192.168.20.48,54.221.200.137,31515608,964
06/11/2022,192.168.20.15,255.255.255.255,79520136160,27177
06/11/2022,192.168.20.48,52.46.133.19,2423599,41
05/11/2022,52.202.2.34,192.168.20.48,2471652,30
06/11/2022,54.221.200.137,192.168.20.48,2031718,38
05/11/2022,192.168.20.48,34.237.111.59,1207815,20
06/11/2022,52.46.137.106,192.168.20.43,1194,2
06/11/2022,192.168.20.42,216.58.204.110,3096470760,518
06/11/2022,3.233.174.130,192.168.20.48,20690,2
06/11/2022,192.168.20.43,18.164.55.101,248414202,88
06/11/2022,0.0.0.0,255.255.255.255,1056138,8
05/11/2022,192.168.20.43,54.239.27.82,76763989,11
06/11/2022,192.168.20.48,3.76.1.196,886284,56
06/11/2022,192.168.20.42,216.58.204.106,13252387,139
06/11/2022,192.168.20.42,255.255.255.255,86835487638,2713
06/11/2022,192.168.20.43,52.94.221.55,374625885,241
06/11/2022,192.168.20.48,255.255.255.255,48006,66
06/11/2022,192.168.20.48,54.243.160.51,622741,7
06/11/2022,52.84.174.66,192.168.20.43,1224,1
05/11/2022,192.168.20.43,52.222.149.51,196163,18
06/11/2022,192.168.20.48,157.241.5.46,3204866,68
06/11/2022,192.168.20.48,54.203.166.245,2167899,40
05/11/2022,54.173.93.68,192.168.20.48,21250,1
06/11/2022,54.215.58.112,192.168.20.48,12516,6
05/11/2022,18.155.131.56,192.168.20.48,2415,3
06/11/2022,192.168.20.48,35.183.173.98,9748787,208
06/11/2022,192.168.20.42,142.250.178.142,24356029,27
06/11/2022,192.168.20.43,52.94.233.94,414233,12
06/11/2022,192.168.20.48,52.201.117.32,2520372,52
06/11/2022,192.168.20.48,34.214.111.43,1530825,20
05/11/2022,192.168.20.19,224.0.0.22,14954583,58
06/11/2022,3.227.117.250,192.168.20.48,4807,2
06/11/2022,192.168.20.43,54.225.152.58,96586708,41
06/11/2022,54.239.19.122,192.168.20.48,1200,2
06/11/2022,54.207.10.176,192.168.20.48,779331,4
05/11/2022,192.168.20.19,54.217.52.155,466653059,143
06/11/2022,192.168.20.43,3.220.182.54,8331981,57
06/11/2022,192.168.20.43,44.234.113.198,35360070,85
05/11/2022,192.168.20.48,54.166.21.152,832251,19
06/11/2022,192.168.20.42,142.250.178.131,215455667,181
06/11/2022,192.168.20.43,18.233.46.225,35856166,270
06/11/2022,192.168.20.48,54.242.128.35,7020464,113
06/11/2022,192.168.20.1,224.0.0.251,11662419,23
06/11/2022,192.168.20.43,34.210.228.239,95374496,197
06/11/2022,192.168.20.43,18.164.55.110,284010510,96
06/11/2022,192.168.20.48,157.175.241.61,2123116,36
05/11/2022,192.168.20.43,3.212.27.131,218022699,28
06/11/2022,52.46.128.80,192.168.20.43,1523,2
06/11/2022,3.6.255.210,192.168.20.48,5068,3
06/11/2022,192.168.20.43,52.20.185.33,991179520,126
06/11/2022,157.175.241.61,192.168.20.48,500357,3
06/11/2022,142.250.179.99,192.168.20.42,2537,3
06/11/2022,52.222.174.52,192.168.20.48,163,2
06/11/2022,192.168.20.48,224.0.0.251,421164503,68
06/11/2022,192.168.20.43,52.217.233.217,8959046,304
06/11/2022,209.54.181.98,192.168.20.48,478274,2
05/11/2022,192.168.20.42,173.194.76.188,2660859514,116
06/11/2022,192.168.20.42,216.239.35.0,114442,20
06/11/2022,192.168.20.43,72.21.207.80,110723388,18
06/11/2022,192.168.20.42,216.239.35.4,132102,23
06/11/2022,192.168.20.43,54.88.98.123,231378679,28
06/11/2022,192.168.20.42,216.239.35.8,729216,23
05/11/2022,142.250.201.163,192.168.20.42,1183,1
06/11/2022,18.164.49.183,192.168.20.43,11906,10
06/11/2022,192.168.20.48,13.54.168.82,7044949,52
06/11/2022,192.168.20.48,75.2.104.77,1321603,14
06/11/2022,192.168.20.43,54.236.174.203,1161486030,150
06/11/2022,52.46.153.141,192.168.20.43,19530,3
06/11/2022,192.168.20.48,35.164.36.47,4215029,39
05/11/2022,52.84.174.45,192.168.20.43,8113,1
06/11/2022,192.168.20.48,15.236.150.135,1281952,143
05/11/2022,192.168.20.43,52.84.174.45,1462442,6
06/11/2022,192.168.20.43,52.70.101.206,31869782,185
05/11/2022,16.163.233.23,192.168.20.48,333004,1
06/11/2022,192.168.20.48,18.102.55.180,1367546,36
05/11/2022,192.168.20.43,52.46.128.39,1448735,20
05/11/2022,18.155.131.56,192.168.20.43,119955486,6
06/11/2022,192.168.20.43,54.239.38.89,28483850,14
06/11/2022,34.214.111.43,192.168.20.48,5533,2
06/11/2022,192.168.20.43,52.94.235.74,460765,14
06/11/2022,192.168.20.43,3.227.250.251,8463371,20
06/11/2022,192.168.20.43,209.54.183.188,417259,12
06/11/2022,192.168.20.48,3.234.38.31,77502,1
06/11/2022,192.168.20.43,44.226.67.213,96003296,216
05/11/2022,34.252.33.62,192.168.20.48,114193,1
06/11/2022,52.72.244.88,192.168.20.48,377786,5
06/11/2022,52.95.127.117,192.168.20.43,2633,1
06/11/2022,192.168.20.42,216.58.215.48,436528019,313
06/11/2022,54.243.58.104,192.168.20.48,2622454,31
06/11/2022,192.168.20.43,54.208.221.42,1643657426,210
06/11/2022,192.168.20.19,63.32.248.122,2782039,340
05/11/2022,192.168.20.19,203.107.6.88,208215,1
06/11/2022,192.168.20.43,52.46.158.193,576316,11
06/11/2022,192.168.20.48,34.236.6.206,76905,1
06/11/2022,209.54.183.244,192.168.20.43,9111,2
06/11/2022,192.168.20.48,52.79.118.208,8590383,91
06/11/2022,192.168.20.43,52.39.190.49,88209024,210
06/11/2022,192.168.20.43,52.214.227.89,19814947516,3059
06/11/2022,44.228.215.143,192.168.20.43,5082,1
06/11/2022,52.94.235.74,192.168.20.43,2859,1
06/11/2022,192.168.20.43,34.234.151.208,552685595,74
06/11/2022,192.168.20.42,74.125.140.188,6269369436,218
06/11/2022,192.168.20.43,3.222.37.116,96843273,42
06/11/2022,34.206.100.209,192.168.20.48,162370,7
06/11/2022,192.168.20.48,54.146.45.201,1134243,12
06/11/2022,192.168.20.48,192.168.20.1,7640389,1360
06/11/2022,216.58.214.170,192.168.20.42,2203,1
06/11/2022,15.197.228.53,192.168.20.48,27579,1
06/11/2022,192.168.20.43,52.94.224.4,453078,12
06/11/2022,54.206.221.238,192.168.20.48,949764,4
06/11/2022,192.168.20.43,18.164.55.96,394971,24
06/11/2022,192.168.20.48,44.199.138.71,25106307,707
06/11/2022,192.168.20.43,3.82.111.231,658147619,84
05/11/2022,34.214.111.43,192.168.20.48,494454,2
06/11/2022,35.155.9.57,192.168.20.43,1257,1
06/11/2022,54.239.38.89,192.168.20.43,20993,1
06/11/2022,192.168.20.48,13.249.33.203,778444,18
06/11/2022,192.168.20.40,192.168.20.42,3146,1
06/11/2022,192.168.20.48,3.6.255.210,2729497,40
06/11/2022,192.168.20.48,75.2.109.205,887533,17
06/11/2022,192.168.20.48,18.140.188.91,5371984,77
06/11/2022,192.168.20.48,104.199.65.124,69768216932,7143
06/11/2022,192.168.20.43,52.205.66.64,22441404,213
06/11/2022,192.168.20.43,52.46.149.60,356310,11
06/11/2022,192.168.20.48,18.134.222.161,2307048,115
05/11/2022,192.168.20.43,54.239.33.155,4077808,28
06/11/2022,192.168.20.43,52.46.149.63,508866,12
06/11/2022,192.168.20.43,52.95.127.117,82432978,51
06/11/2022,192.168.20.43,209.54.179.93,81568430,10
06/11/2022,192.168.20.48,54.238.156.226,18545633,190
06/11/2022,192.168.20.43,35.174.77.103,551128304,70
06/11/2022,192.168.20.43,52.84.177.20,13321872,970
06/11/2022,192.168.20.43,34.228.101.107,96716691,34
06/11/2022,192.168.20.48,34.226.24.249,153962,2
05/11/2022,192.168.20.15,255.255.255.255,3566987487,1219
05/11/2022,18.214.180.6,192.168.20.48,835271,2
06/11/2022,192.168.20.48,52.76.51.147,1549689,16
06/11/2022,192.168.20.48,72.21.207.82,896497,15
05/11/2022,192.168.20.48,18.155.131.56,249595,18
06/11/2022,209.54.183.240,192.168.20.43,1583,3
06/11/2022,192.168.20.42,142.250.179.106,445221,12
06/11/2022,209.54.183.188,192.168.20.43,1364,1
06/11/2022,192.168.20.48,54.85.159.116,513073,12
05/11/2022,192.168.20.18,51.195.117.133,3172472,3
06/11/2022,192.168.20.48,43.205.185.100,6699567,90
06/11/2022,192.168.20.48,209.54.178.166,1938838,33
06/11/2022,192.168.20.48,54.166.21.152,13672236,383
06/11/2022,192.168.20.43,54.157.203.98,258737817,46
06/11/2022,52.94.241.146,192.168.20.48,924513,2
06/11/2022,192.168.20.19,173.194.76.206,61592923535,2807
06/11/2022,192.168.20.43,52.46.129.152,552960,33
06/11/2022,192.168.20.48,108.136.92.85,3547839,38
06/11/2022,52.201.117.32,192.168.20.48,5167,4
06/11/2022,15.236.150.135,192.168.20.48,145058,8
06/11/2022,192.168.20.48,3.105.75.37,15345740,145
05/11/2022,192.168.20.42,216.58.213.67,2490638975,186
06/11/2022,192.168.20.19,239.255.255.250,54474829738,9672
05/11/2022,192.168.20.43,54.239.31.104,62833241,27
05/11/2022,192.168.20.43,52.45.237.36,77695,1
06/11/2022,192.168.20.43,54.192.107.171,52999823,15
06/11/2022,192.168.20.48,3.224.249.36,1820084,44
06/11/2022,13.125.158.78,192.168.20.48,891004,9
05/11/2022,192.168.20.43,209.54.180.48,457268,12
06/11/2022,192.168.20.48,52.222.193.55,8409902,581
06/11/2022,192.168.20.48,52.119.198.2,464766,13
06/11/2022,192.168.20.42,8.8.8.8,41344827829,5556
06/11/2022,192.168.20.43,34.237.106.83,96354344,40
05/11/2022,192.168.20.43,34.194.31.220,109027077,14
06/11/2022,54.249.26.192,192.168.20.48,397620,3
06/11/2022,192.168.20.48,54.225.146.82,3116350,38
06/11/2022,192.168.20.43,224.0.0.251,11532329950,482
06/11/2022,192.168.20.43,67.220.241.5,929049,41
06/11/2022,192.168.20.48,15.184.245.166,1339601,41
06/11/2022,192.168.20.43,52.94.225.56,544081,12
06/11/2022,192.168.20.48,15.161.86.203,1501742,53
06/11/2022,192.168.20.48,3.227.117.250,1415669,27
06/11/2022,192.168.20.43,34.227.127.81,998019655,126
05/11/2022,192.168.20.19,239.255.255.250,2431366598,432
06/11/2022,192.168.20.42,142.250.179.110,8136545,9
06/11/2022,54.157.203.98,192.168.20.48,1222595,24
06/11/2022,52.20.206.121,192.168.20.48,3165280,53
06/11/2022,192.168.20.43,52.222.174.11,60116722,80
06/11/2022,192.168.20.48,34.231.63.97,2022040,45
06/11/2022,192.168.20.48,108.137.188.162,4867566,57
05/11/2022,192.168.20.19,63.32.248.122,74355,10
06/11/2022,192.168.20.43,67.220.240.30,459754,12
06/11/2022,192.168.20.43,34.239.216.180,35966125,276
06/11/2022,192.168.20.43,192.168.20.1,3359100,1360
06/11/2022,192.168.20.48,13.37.191.91,136655,36
06/11/2022,192.168.20.43,34.194.31.220,879189573,112
06/11/2022,192.168.20.43,35.164.182.2,60747267,127
06/11/2022,192.168.20.43,209.54.179.233,487563,12
05/11/2022,192.168.20.43,52.222.149.107,1414554,6
06/11/2022,192.168.20.43,52.95.126.126,427283,13
06/11/2022,35.178.87.88,192.168.20.48,152210,1
06/11/2022,176.32.101.122,192.168.20.43,1277,1
06/11/2022,192.168.20.43,52.94.239.40,1757445,54
06/11/2022,3.227.83.236,192.168.20.48,4898922,74
06/11/2022,216.58.198.202,192.168.20.42,1447,3
06/11/2022,52.16.104.93,192.168.20.48,46315,14
06/11/2022,192.168.20.43,239.255.255.250,100863386,1200
06/11/2022,18.203.57.224,192.168.20.48,22930,11
06/11/2022,192.168.20.43,54.243.58.104,12705101,20
06/11/2022,18.203.57.224,192.168.20.43,14911,11
06/11/2022,52.16.104.93,192.168.20.43,1928,7
06/11/2022,192.168.20.48,44.199.52.214,15643955,473
06/11/2022,192.168.20.43,54.159.111.180,71117848,1703
06/11/2022,192.168.20.43,34.204.132.63,193546192,102
06/11/2022,192.168.20.48,52.78.15.113,1377153,18
06/11/2022,192.168.20.1,192.168.20.40,12165,6
06/11/2022,192.168.20.42,192.168.20.1,41270959247,2624
05/11/2022,192.168.20.43,176.32.101.46,68504074,17
06/11/2022,192.168.20.48,35.167.225.196,1698720,18
06/11/2022,192.168.20.43,3.224.166.115,28018728,204
06/11/2022,192.168.20.43,52.46.155.112,197806311,20
06/11/2022,192.168.20.48,13.246.174.39,4306392,76
06/11/2022,52.46.133.103,192.168.20.48,184133,1
06/11/2022,108.137.181.26,192.168.20.48,245253,5
06/11/2022,192.168.20.12,3.120.92.134,67806073474,2945
05/11/2022,52.76.51.147,192.168.20.48,1241,1
06/11/2022,54.232.199.45,192.168.20.48,376380,2
06/11/2022,192.168.20.48,44.207.137.197,1639429,39
06/11/2022,192.168.20.43,176.32.101.46,62497703,15
06/11/2022,52.46.137.209,192.168.20.43,1178,3
06/11/2022,52.71.238.202,192.168.20.48,1025,1
06/11/2022,192.168.20.48,34.206.100.209,2957327,84
06/11/2022,192.168.20.43,176.32.101.122,11576430,29
06/11/2022,192.168.20.43,52.119.198.189,447460,11
05/11/2022,151.101.1.16,192.168.20.43,1038,8
06/11/2022,216.58.215.48,192.168.20.42,4980,3
06/11/2022,192.168.20.43,65.8.212.227,1092111,12
06/11/2022,192.168.20.48,52.16.104.93,23827803517,1816
06/11/2022,192.168.20.18,52.31.222.8,9935487,837
06/11/2022,192.168.20.43,34.203.4.32,96811361,47
06/11/2022,192.168.20.43,54.205.24.65,12947201,21
06/11/2022,192.168.20.43,18.203.57.224,24312900510,4057
06/11/2022,192.168.20.43,54.166.21.152,25715677,42
05/11/2022,192.168.20.43,54.70.5.180,167166824,104
06/11/2022,18.156.17.11,192.168.20.48,48637,2
05/11/2022,192.168.20.19,8.8.8.8,121159,30
06/11/2022,192.168.20.42,216.239.35.12,332995,27
06/11/2022,44.198.224.47,192.168.20.48,2331220,57
06/11/2022,192.168.20.43,44.193.236.65,12425821,21
06/11/2022,192.168.20.42,216.58.213.67,51946359890,4456
06/11/2022,192.168.20.43,34.202.146.90,193391997,84
06/11/2022,192.168.20.48,209.54.181.98,1693669,34
06/11/2022,192.168.20.43,209.54.180.27,226730688,30
06/11/2022,142.250.201.163,192.168.20.42,1035,1
06/11/2022,192.168.20.43,44.227.96.221,162223065,295
06/11/2022,192.168.20.43,54.70.5.180,139665297,91
05/11/2022,192.168.20.43,54.239.35.48,293774,11
06/11/2022,192.168.20.43,52.36.138.241,84450561,235
06/11/2022,192.168.20.43,52.46.136.68,1500268,37
06/11/2022,192.168.20.40,255.255.255.255,4980037780,165
06/11/2022,52.46.136.110,192.168.20.43,1430,3
06/11/2022,192.168.20.43,52.94.218.244,296777557,39
06/11/2022,192.168.20.43,52.216.27.126,17308851,139
06/11/2022,192.168.20.43,52.94.217.61,488399,14
06/11/2022,157.241.5.46,192.168.20.48,9101,4
06/11/2022,192.168.20.43,52.46.137.106,389451,13
06/11/2022,192.168.20.43,255.255.255.255,14437,72
06/11/2022,192.168.20.43,44.228.215.143,18990734,72
06/11/2022,52.94.233.61,192.168.20.43,17861,3
06/11/2022,18.164.55.110,192.168.20.43,7928,3
06/11/2022,192.168.20.20,54.194.135.95,264548,11
06/11/2022,192.168.20.48,52.222.174.52,817861,14
06/11/2022,192.168.20.43,44.197.28.104,660375857,84
05/11/2022,192.168.20.13,255.255.255.255,3505032436,731
06/11/2022,35.186.224.25,192.168.20.42,1063,1
06/11/2022,192.168.20.43,54.166.101.241,20660441,114
06/11/2022,192.168.20.43,3.237.53.195,23824619,190
06/11/2022,216.58.204.106,192.168.20.42,1809,3
06/11/2022,192.168.20.48,52.46.128.39,3947167,68
06/11/2022,192.168.20.48,35.178.87.88,310592,35
06/11/2022,3.227.34.105,192.168.20.48,58172,2
06/11/2022,192.168.20.48,54.157.203.98,20863407,632
05/11/2022,216.58.214.78,192.168.20.42,1058,1
06/11/2022,192.168.20.48,54.161.26.204,1362174,44
06/11/2022,54.239.33.155,192.168.20.43,4551,2
06/11/2022,192.168.20.19,216.239.35.0,110868,19
06/11/2022,192.168.20.42,216.58.201.234,256322325,63
06/11/2022,192.168.20.19,216.239.35.4,109774,19
06/11/2022,192.168.20.43,3.223.79.67,388277628,188
06/11/2022,192.168.20.43,18.164.55.40,142823825,83
06/11/2022,192.168.20.48,18.167.1.113,8684736,97
06/11/2022,192.168.20.19,216.239.35.8,109231,19
06/11/2022,192.168.20.43,35.155.170.66,8648384,19
06/11/2022,192.168.20.48,43.205.35.127,6355419,94
06/11/2022,192.168.20.42,216.58.213.78,215749203,160
06/11/2022,192.168.20.42,35.186.224.25,429636601,31
05/11/2022,192.168.20.20,52.215.192.18,2491890154,140
06/11/2022,192.168.20.42,216.58.213.74,5100433,22
06/11/2022,35.167.225.196,192.168.20.43,1592,1
06/11/2022,192.168.20.42,216.58.213.70,194943813,20
06/11/2022,35.167.225.196,192.168.20.48,28011,3
06/11/2022,54.242.128.35,192.168.20.48,552091,6
06/11/2022,52.46.129.152,192.168.20.43,144,2
05/11/2022,192.168.20.43,18.155.131.56,120515045,65
06/11/2022,54.167.53.194,192.168.20.48,4666,2
05/11/2022,192.168.20.48,52.79.118.208,2801340,38
06/11/2022,192.168.20.48,16.163.233.23,6175808,75
06/11/2022,192.168.20.10,35.195.102.202,76081330892,10688
05/11/2022,192.168.20.19,54.78.125.193,26940372,75
05/11/2022,54.158.105.246,192.168.20.48,11552,4
06/11/2022,52.214.227.89,192.168.20.43,1471,5
06/11/2022,192.168.20.48,34.202.104.124,393091,10
06/11/2022,192.168.20.43,54.161.46.108,96390404,40
06/11/2022,3.224.249.36,192.168.20.48,388027,2
06/11/2022,192.168.20.43,3.131.252.182,112304421,14
05/11/2022,192.168.20.48,18.155.126.209,2986143,112
06/11/2022,192.168.20.48,13.245.125.189,3976406,57
05/11/2022,192.168.20.43,52.45.18.59,1821711445,80
06/11/2022,54.161.26.204,192.168.20.48,332591,3
05/11/2022,192.168.20.19,54.74.123.186,20609406,55
06/11/2022,108.137.188.162,192.168.20.48,894779,3
06/11/2022,192.168.20.43,54.239.33.155,3837230,39
06/11/2022,142.250.179.74,192.168.20.42,1126,3
06/11/2022,192.168.20.19,54.78.125.193,312993482,842
06/11/2022,192.168.20.20,52.215.192.18,36140633831,1971
06/11/2022,192.168.20.48,3.1.115.53,7250500,100
06/11/2022,15.188.36.183,192.168.20.48,14301,6
05/11/2022,52.214.227.89,192.168.20.43,584938861,97
06/11/2022,192.168.20.43,52.95.124.103,740209,26
06/11/2022,192.168.20.48,52.222.145.55,224040,20
06/11/2022,192.168.20.43,52.94.231.222,577421,17
06/11/2022,192.168.20.19,203.107.6.88,3955154,19
06/11/2022,18.134.222.161,192.168.20.48,485913,9
05/11/2022,192.168.20.43,52.84.179.94,60193731,66
06/11/2022,192.168.20.48,18.214.180.6,36287572,1146
06/11/2022,54.195.209.68,192.168.20.48,552846,4
06/11/2022,192.168.20.43,52.207.44.110,772506479,98
06/11/2022,3.1.115.53,192.168.20.48,721852,8
06/11/2022,192.168.20.43,52.205.164.240,877315008,112
06/11/2022,192.168.20.48,52.214.227.89,31878847946,2331
05/11/2022,192.168.20.48,209.54.178.164,1028201,12
05/11/2022,54.166.21.152,192.168.20.48,49000,4
06/11/2022,192.168.20.48,54.239.27.116,1399084,29
05/11/2022,192.168.20.43,52.72.244.88,97814227,43
06/11/2022,192.168.20.48,13.32.145.118,56555,11
06/11/2022,192.168.20.19,54.74.123.186,240312559,662
06/11/2022,34.228.101.107,192.168.20.48,61245,2
06/11/2022,107.20.127.221,192.168.20.48,150709,2
06/11/2022,192.168.20.20,8.8.8.8,80264,6
06/11/2022,192.168.20.43,3.218.120.56,1095094419,140
06/11/2022,192.168.20.48,54.193.16.2,6397003,78
06/11/2022,192.168.20.45,121.174.142.81,258875,1
06/11/2022,8.6.0.1,8.0.6.4,79967924376,40665
06/11/2022,192.168.20.43,52.119.198.101,997496,22
06/11/2022,192.168.20.48,107.20.127.221,2407836,44
06/11/2022,192.168.20.42,142.250.75.227,22964227677,2084
05/11/2022,192.168.20.43,35.167.225.196,43553922,93
06/11/2022,192.168.20.19,224.0.0.22,360589585,1356
05/11/2022,192.168.20.19,8.8.4.4,217974,54
06/11/2022,192.168.20.48,35.178.33.97,2433040,167
06/11/2022,192.168.20.48,3.233.109.178,157446,5
06/11/2022,173.194.76.206,192.168.20.19,623,2
06/11/2022,18.163.70.120,192.168.20.48,1635560,5
06/11/2022,54.187.92.102,192.168.20.43,113,2
06/11/2022,192.168.20.43,54.164.163.115,93993311,60
06/11/2022,54.166.21.152,192.168.20.48,1585088,17
06/11/2022,192.168.20.13,3.120.92.134,68340911295,2922
06/11/2022,192.168.20.43,3.212.205.83,31826754,260
06/11/2022,54.239.27.82,192.168.20.48,489632,2
06/11/2022,142.250.75.234,192.168.20.42,1473,3
06/11/2022,16.163.233.23,192.168.20.48,724126,5
06/11/2022,192.168.20.48,52.94.241.146,899512,19
06/11/2022,192.168.20.42,142.250.75.234,94381772,59
05/11/2022,18.164.55.40,192.168.20.43,12312,1
06/11/2022,43.205.35.127,192.168.20.48,684977,6
05/11/2022,192.168.20.48,54.158.105.246,1180828,42
06/11/2022,192.168.20.48,52.206.230.179,1347451,44
06/11/2022,192.168.20.48,18.156.17.11,728082,36
05/11/2022,192.168.20.48,34.214.111.43,3743303,40
06/11/2022,192.168.20.43,3.232.127.207,45455744,361
06/11/2022,192.168.20.43,54.161.84.13,80160938,1912
06/11/2022,52.94.233.94,192.168.20.43,1323,3
06/11/2022,192.168.20.43,52.202.248.176,96916278,41
05/11/2022,192.168.20.42,216.239.35.12,24831,2
06/11/2022,192.168.20.45,8.8.8.8,71966,8
06/11/2022,192.168.20.43,52.95.123.112,410931,13
06/11/2022,192.168.20.48,54.205.24.65,17781923,580
06/11/2022,3.112.156.31,192.168.20.48,1342431,5
06/11/2022,52.95.123.17,192.168.20.43,1233,1
06/11/2022,52.46.145.14,192.168.20.43,5266,3
05/11/2022,192.168.20.19,108.128.53.179,387022926,115
06/11/2022,192.168.20.43,52.94.219.88,413265538,286
06/11/2022,192.168.20.43,52.46.153.141,476491,26
06/11/2022,192.168.20.43,52.16.104.93,26128276212,3444
06/11/2022,192.168.20.18,51.195.117.133,87438641,72
06/11/2022,192.168.20.43,54.187.92.102,89548756,199
06/11/2022,192.168.20.43,18.155.131.56,60056196,12
05/11/2022,192.168.20.48,23.22.232.191,380461,17
06/11/2022,192.168.20.20,224.0.0.251,1661934,46
05/11/2022,192.168.20.48,16.163.233.23,2576895,17
06/11/2022,54.225.146.82,192.168.20.48,366989,2
05/11/2022,192.168.20.43,44.197.28.104,111049281,14
06/11/2022,44.207.137.197,192.168.20.48,85409,3
06/11/2022,192.168.20.43,3.227.176.159,1100001900,140
06/11/2022,192.168.20.48,52.46.131.209,823615,28
06/11/2022,52.214.227.89,192.168.20.48,38677,25
06/11/2022,192.168.20.42,224.0.0.22,53328584,8
05/11/2022,35.155.9.57,192.168.20.43,44360,28
06/11/2022,192.168.20.43,176.32.98.79,1159037,33
06/11/2022,192.168.20.48,3.223.79.67,2682211,64
05/11/2022,192.168.20.48,34.252.33.62,666503,22
06/11/2022,13.54.168.82,192.168.20.48,3416,3
05/11/2022,192.168.20.48,15.222.185.72,400849,17
06/11/2022,192.168.20.42,142.250.74.238,3739572917,617
06/11/2022,192.168.20.42,142.250.74.234,5104516,20
06/11/2022,13.245.125.189,192.168.20.48,6574,5
05/11/2022,192.168.20.48,52.202.2.34,25325157,742
06/11/2022,192.168.20.43,8.8.4.4,1841,1
06/11/2022,192.168.20.48,44.198.224.47,45362930,1343
06/11/2022,54.194.135.95,192.168.20.20,3383,2
06/11/2022,209.54.181.79,192.168.20.43,2007,3
06/11/2022,192.168.20.48,15.222.185.72,17986266,93
05/11/2022,192.168.20.42,224.0.0.250,1800289423,59
06/11/2022,192.168.20.42,216.58.214.170,155695493,30
06/11/2022,192.168.20.43,54.75.207.158,738664,27
06/11/2022,52.94.236.45,192.168.20.43,3513,6
06/11/2022,192.168.20.48,54.243.58.104,27432714,774
06/11/2022,192.168.20.45,54.183.77.141,61846703488,5468
06/11/2022,54.162.217.75,192.168.20.48,1119,1
06/11/2022,192.168.20.43,67.220.240.183,508798,23
06/11/2022,34.237.111.59,192.168.20.48,7774105,109
06/11/2022,192.168.20.42,216.58.214.174,671409,76
06/11/2022,192.168.20.43,52.46.128.80,408814,12
06/11/2022,13.32.145.118,192.168.20.48,93511,1
06/11/2022,192.168.20.48,52.46.155.120,979294,17
06/11/2022,192.168.20.43,107.20.216.54,880177317,112
05/11/2022,63.32.248.122,192.168.20.19,918,2
06/11/2022,192.168.20.48,34.237.111.59,87292942,2559
06/11/2022,192.168.20.43,52.45.18.59,40807241121,1794
05/11/2022,192.168.20.42,224.0.0.251,1991953299,315
06/11/2022,192.168.20.42,74.125.133.188,101317683621,4099
05/11/2022,192.168.20.42,216.239.35.8,11672,2
06/11/2022,192.168.20.48,18.206.129.39,40840005121,1896
06/11/2022,192.168.20.12,255.255.255.255,78204311455,16306
06/11/2022,192.168.20.43,52.37.30.201,70063251,161
06/11/2022,192.168.20.48,18.216.180.71,1848283,40
06/11/2022,192.168.20.43,3.208.140.212,29727759,144
06/11/2022,192.168.20.43,35.174.51.236,19040042,68
06/11/2022,63.32.248.122,192.168.20.19,31387,68
05/11/2022,192.168.20.48,224.0.0.251,30837623,6
06/11/2022,216.58.204.110,192.168.20.42,45054359,3
06/11/2022,192.168.20.48,54.68.250.149,4970266,54
06/11/2022,192.168.20.43,3.212.27.131,1091903878,140
06/11/2022,192.168.20.48,54.195.209.68,1202134,74
06/11/2022,192.168.20.48,3.71.131.162,609573,52
06/11/2022,192.168.20.48,209.54.180.27,382610,15
06/11/2022,192.168.20.19,216.239.35.12,236001,19
05/11/2022,192.168.20.43,52.94.219.88,286033954,119
05/11/2022,192.168.20.48,18.206.129.39,1823812856,82
06/11/2022,192.168.20.48,54.91.103.251,101974023,2980
06/11/2022,52.46.141.254,192.168.20.43,1095,2
06/11/2022,216.58.213.78,192.168.20.42,1343,1
05/11/2022,192.168.20.45,54.183.77.141,2707420824,240
06/11/2022,216.58.206.234,192.168.20.42,5081,8
06/11/2022,142.250.178.131,192.168.20.42,1193,1
06/11/2022,192.168.20.43,209.54.177.157,894909,22
06/11/2022,192.168.20.43,54.164.103.224,97269282,48
05/11/2022,15.222.185.72,192.168.20.48,1076,1
06/11/2022,192.168.20.43,18.164.49.183,121978276,361
06/11/2022,192.168.20.43,178.236.7.140,13578759,16
06/11/2022,13.37.191.91,192.168.20.48,4050,2
06/11/2022,192.168.20.43,209.54.177.154,570963,11
06/11/2022,13.246.174.39,192.168.20.48,833409,5
06/11/2022,192.168.20.48,54.249.26.192,3099305,40
06/11/2022,192.168.20.42,173.194.76.188,7088929377,310
06/11/2022,192.168.20.48,18.203.57.224,13945521277,1053
06/11/2022,54.239.31.104,192.168.20.48,113638,3
05/11/2022,52.210.32.69,192.168.20.19,108,2
06/11/2022,54.205.24.65,192.168.20.48,936817,25
05/11/2022,192.168.20.19,224.0.0.251,1857372145,68
06/11/2022,192.168.20.48,44.193.236.65,60544217,1813
06/11/2022,192.168.20.48,52.84.174.70,73770,14
06/11/2022,13.246.0.149,192.168.20.48,419335,3
06/11/2022,18.216.180.71,192.168.20.48,51260,2
05/11/2022,192.168.20.18,52.31.222.8,444482,36
06/11/2022,192.168.20.48,3.140.228.75,4833179,70
06/11/2022,192.168.20.43,34.202.49.39,657478244,84
05/11/2022,192.168.20.43,18.155.126.209,1874770,81
06/11/2022,192.168.20.48,52.94.242.236,1240232,31
06/11/2022,192.168.20.15,3.126.235.192,201516,17
06/11/2022,192.168.20.43,3.211.221.42,874268038,112
06/11/2022,15.222.185.72,192.168.20.48,160525,6
05/11/2022,192.168.20.43,54.166.101.241,147,2
06/11/2022,192.168.20.48,52.84.174.54,267921,40
06/11/2022,192.168.20.43,52.222.193.55,3381526426,1907
06/11/2022,192.168.20.42,199.232.58.248,373224211,64
06/11/2022,192.168.20.48,54.167.53.194,1766645,46
06/11/2022,54.161.84.13,192.168.20.43,1161,2
05/11/2022,192.168.20.20,224.0.0.251,34214,2
05/11/2022,34.237.111.59,192.168.20.48,69419,1
06/11/2022,192.168.20.43,54.239.27.82,128943455,22
06/11/2022,192.168.20.43,209.54.183.240,527316,29
05/11/2022,192.168.20.43,3.232.127.207,3418759,17
06/11/2022,192.168.20.43,52.27.163.92,151555322,126
06/11/2022,192.168.20.43,52.95.115.242,72306253,11
06/11/2022,192.168.20.43,209.54.183.244,469665,12
06/11/2022,192.168.20.48,52.46.131.168,368843,12
06/11/2022,192.168.20.43,52.94.232.195,557159,12
06/11/2022,192.168.20.42,224.0.0.250,41398932897,1353
06/11/2022,192.168.20.42,224.0.0.251,48467189604,6849
06/11/2022,16.16.59.238,192.168.20.48,549961,8
05/11/2022,54.171.11.240,192.168.20.19,1851,4
06/11/2022,192.168.20.19,52.210.32.69,10923527913,2655
06/11/2022,192.168.20.43,52.46.144.253,466740,12
06/11/2022,52.46.136.68,192.168.20.43,3505,5
06/11/2022,192.168.20.43,209.54.177.114,112067000,10
05/11/2022,18.140.188.91,192.168.20.48,349039,1
06/11/2022,192.168.20.48,35.173.74.42,4707681,71
06/11/2022,34.250.50.152,192.168.20.48,6712,5
06/11/2022,216.58.213.70,192.168.20.42,1064,1
06/11/2022,192.168.20.43,34.232.93.236,33988336,76
06/11/2022,192.168.20.48,13.246.0.149,2093741,38
06/11/2022,192.168.20.43,8.8.8.8,10842959,1016
06/11/2022,192.168.20.43,3.234.165.228,23678745,172
06/11/2022,192.168.20.13,255.255.255.255,78190096462,16308
05/11/2022,192.168.20.254,239.255.255.250,167408,48
05/11/2022,3.226.196.104,192.168.20.43,79953,2
06/11/2022,192.168.20.42,216.58.214.78,2701919051,731
06/11/2022,72.21.195.82,192.168.20.48,472500,5
06/11/2022,192.168.20.48,52.46.137.255,823027,14
06/11/2022,192.168.20.48,52.46.131.184,905607,17
06/11/2022,192.168.20.42,216.58.214.74,9827984,27
05/11/2022,192.168.20.43,44.197.43.221,97948948,30
06/11/2022,192.168.20.43,52.94.220.255,67141918,26
06/11/2022,192.168.20.43,52.46.137.137,1069973,37
06/11/2022,192.168.20.12,18.195.249.137,687893,40
06/11/2022,192.168.20.48,52.84.174.15,1096656,93
06/11/2022,192.168.20.48,52.46.158.193,501225,15
06/11/2022,192.168.20.42,35.188.42.15,109730371,13
06/11/2022,192.168.20.48,52.202.2.34,25873729,758
06/11/2022,192.168.20.48,52.84.174.10,78280,14
06/11/2022,192.168.20.20,18.200.177.60,18157224124,1007
06/11/2022,192.168.20.45,162.159.200.123,9911,1
05/11/2022,192.168.20.42,216.58.214.78,70226170,19
06/11/2022,192.168.20.43,54.92.237.197,1535488962,196
06/11/2022,192.168.20.13,18.195.249.137,504203,30
06/11/2022,192.168.20.43,54.86.198.4,1539715473,196
06/11/2022,192.168.20.43,52.94.236.45,919915,24
06/11/2022,192.168.20.48,54.206.221.238,7693732,73
06/11/2022,52.119.198.2,192.168.20.48,177215,3
06/11/2022,192.168.20.19,54.171.25.87,355646644,963
06/11/2022,192.168.20.48,35.71.171.52,163664,14
06/11/2022,192.168.20.43,52.73.50.224,3597669,45
06/11/2022,35.173.74.42,192.168.20.48,360435,5
06/11/2022,192.168.20.48,13.225.31.129,874522,24
06/11/2022,54.161.46.108,192.168.20.48,6613,4
06/11/2022,192.168.20.48,108.137.181.26,5463164,78
06/11/2022,192.168.20.43,35.167.225.196,194996403,201
06/11/2022,192.168.20.42,142.250.179.99,195254977,43
06/11/2022,18.214.180.6,192.168.20.48,2332079,42
06/11/2022,192.168.20.48,8.8.8.8,4897937,598
05/11/2022,18.155.126.209,192.168.20.43,1053,11
06/11/2022,192.168.20.48,54.239.31.104,1347478,24
05/11/2022,192.168.20.43,52.207.44.110,109405622,14
06/11/2022,54.92.128.108,192.168.20.48,519203,2
06/11/2022,192.168.20.48,52.2.163.119,279460,5
06/11/2022,35.178.33.97,192.168.20.48,394426,11
06/11/2022,3.18.23.108,192.168.20.48,103632,4
06/11/2022,52.222.193.55,192.168.20.43,5217593238,227
06/11/2022,192.168.20.48,13.48.15.205,2003005,117
06/11/2022,192.168.20.43,44.209.146.104,764033131,98
06/11/2022,52.222.193.55,192.168.20.48,63611,47
06/11/2022,192.168.20.19,224.0.0.251,41055516213,1450
05/11/2022,18.155.126.209,192.168.20.48,11310,11
06/11/2022,15.161.86.203,192.168.20.48,2520,2
06/11/2022,192.168.20.48,54.239.19.122,666197,11
06/11/2022,44.240.184.205,192.168.20.43,1316,1
06/11/2022,192.168.20.43,52.46.136.110,846773,26
06/11/2022,34.202.104.124,192.168.20.48,490544,2
05/11/2022,192.168.20.12,255.255.255.255,3504957154,731
06/11/2022,54.193.16.2,192.168.20.48,792450,5
06/11/2022,192.168.20.48,18.102.88.160,904105,89
06/11/2022,192.168.20.48,52.72.244.88,3462674,65
06/11/2022,52.44.87.149,192.168.20.48,356430,5
06/11/2022,54.164.163.115,192.168.20.48,2953477,56
06/11/2022,192.168.20.43,52.45.237.36,77534,1
06/11/2022,192.168.20.42,142.250.179.78,8104965,9
05/11/2022,192.168.20.43,52.222.193.55,60067423,13
06/11/2022,54.203.166.245,192.168.20.48,972243,3
06/11/2022,192.168.20.43,52.46.128.39,892253,21
06/11/2022,43.205.185.100,192.168.20.48,310770,6
05/11/2022,192.168.20.48,54.173.93.68,1223190,18
06/11/2022,192.168.20.43,209.54.181.79,489189,29
06/11/2022,52.84.177.20,192.168.20.43,18947,136
05/11/2022,192.168.20.43,52.205.164.240,49010548,10
06/11/2022,52.84.177.20,192.168.20.48,854990,152
05/11/2022,192.168.20.48,52.76.51.147,1501419,20
05/11/2022,8.6.0.1,8.0.6.4,3569820193,1744
06/11/2022,13.50.30.171,192.168.20.48,427690,8
06/11/2022,192.168.20.42,142.250.179.74,302147074,241
05/11/2022,209.54.180.48,192.168.20.43,4131,3
06/11/2022,192.168.20.48,35.171.216.243,1222276,38
06/11/2022,192.168.20.43,52.46.141.254,347851,12
06/11/2022,52.36.138.241,192.168.20.43,316,8
06/11/2022,192.168.20.45,82.64.32.33,3907,1
06/11/2022,192.168.20.48,18.229.75.205,7404400,77
05/11/2022,192.168.20.42,142.250.201.163,104648420,5
06/11/2022,192.168.20.48,3.212.57.174,811200,25
06/11/2022,192.168.20.19,108.128.53.179,10479566385,2608
05/11/2022,192.168.20.19,216.239.35.12,12403,1
06/11/2022,52.94.239.40,192.168.20.43,37192,12
05/11/2022,192.168.20.43,52.119.197.246,734023,11
06/11/2022,52.222.145.55,192.168.20.48,143,2
05/11/2022,54.239.33.155,192.168.20.43,3515,2
06/11/2022,54.171.11.240,192.168.20.19,31238,68
06/11/2022,52.222.145.55,192.168.20.43,179896807,6
06/11/2022,44.199.52.214,192.168.20.48,251302,20
06/11/2022,192.168.20.43,52.84.174.66,7774937,6
05/11/2022,18.203.57.224,192.168.20.48,2827628698,275
06/11/2022,216.58.214.78,192.168.20.42,7822,5
06/11/2022,192.168.20.42,142.250.201.170,196184002,39
05/11/2022,192.168.20.43,35.173.14.214,3662027,18
06/11/2022,178.236.7.140,192.168.20.43,1113,1
05/11/2022,192.168.20.42,142.250.74.238,134550,12
06/11/2022,34.195.175.66,192.168.20.48,566858,6
06/11/2022,192.168.20.254,239.255.255.250,3282678,976
06/11/2022,192.168.20.43,52.84.174.68,7839449,6
06/11/2022,192.168.20.42,151.101.2.217,429618568,30
05/11/2022,192.168.20.48,192.168.20.1,823366,60
06/11/2022,192.168.20.43,209.54.181.98,432283,11
06/11/2022,192.168.20.43,52.45.200.111,1311578886,168
06/11/2022,54.75.207.158,192.168.20.43,216,2
06/11/2022,192.168.20.42,142.250.201.163,194941125,20
06/11/2022,44.199.138.71,192.168.20.48,1937804,30
06/11/2022,192.168.20.43,52.2.208.65,654981545,84
06/11/2022,3.212.57.174,192.168.20.48,941,1
06/11/2022,3.71.131.162,192.168.20.48,27174,3
05/11/2022,192.168.20.43,239.255.255.250,1250017,48
06/11/2022,192.168.20.43,44.197.43.221,34805742,220
06/11/2022,67.220.241.5,192.168.20.43,1503,3
06/11/2022,192.168.20.43,107.23.85.26,545542644,70
05/11/2022,192.168.20.43,3.82.111.231,109182168,14
05/11/2022,192.168.20.43,18.67.116.69,61703315,17
06/11/2022,192.168.20.48,3.18.23.108,4651717,73
