Src IP,Dst IP,Avg Flow Duration,Avg Forward Packets,Std Dev Flow Duration,Std Dev Forward Packets
216.58.215.48,192.168.20.42,4980.00,3.00,0.00,0.00
3.1.115.53,192.168.20.48,721852.00,8.00,0.00,0.00
18.167.1.113,192.168.20.48,2230719.00,8.00,0.00,0.00
209.54.179.233,192.168.20.43,6116.00,3.00,0.00,0.00
52.46.145.14,192.168.20.43,5266.00,3.00,0.00,0.00
18.155.131.56,192.168.20.43,119955486.00,6.00,0.00,0.00
18.155.131.56,192.168.20.48,2415.00,3.00,0.00,0.00
52.119.198.106,192.168.20.48,268689.00,1.00,0.00,0.00
52.46.129.152,192.168.20.43,144.00,2.00,0.00,0.00
52.46.128.80,192.168.20.43,1523.00,2.00,0.00,0.00
52.94.233.61,192.168.20.43,17861.00,3.00,0.00,0.00
142.250.201.170,192.168.20.42,1375.00,1.00,0.00,0.00
142.250.179.99,192.168.20.42,2537.00,3.00,0.00,0.00
52.222.149.51,192.168.20.43,327.00,3.00,0.00,0.00
3.223.79.67,192.168.20.48,4424.00,3.00,0.00,0.00
54.239.19.122,192.168.20.48,1200.00,2.00,0.00,0.00
35.171.216.243,192.168.20.48,17086.00,2.00,0.00,0.00
52.206.230.179,192.168.20.48,3890.00,2.00,0.00,0.00
34.228.101.107,192.168.20.48,61245.00,2.00,0.00,0.00
54.239.38.89,192.168.20.43,20993.00,1.00,0.00,0.00
52.95.127.117,192.168.20.43,2633.00,1.00,0.00,0.00
52.46.136.110,192.168.20.43,1430.00,3.00,0.00,0.00
18.164.55.110,192.168.20.43,7928.00,3.00,0.00,0.00
216.58.198.202,192.168.20.42,1447.00,3.00,0.00,0.00
54.239.27.82,192.168.20.48,489632.00,2.00,0.00,0.00
216.58.214.78,192.168.20.42,1058.00,1.00,0.00,0.00
18.134.222.161,192.168.20.48,485913.00,9.00,0.00,0.00
54.195.209.68,192.168.20.48,552846.00,4.00,0.00,0.00
44.193.236.65,192.168.20.48,5646425.00,71.00,0.00,0.00
3.28.113.52,192.168.20.48,2827.00,2.00,0.00,0.00
54.187.92.102,192.168.20.43,113.00,2.00,0.00,0.00
52.214.227.89,192.168.20.43,292470166.00,51.00,292468695.00,46.00
52.214.227.89,192.168.20.48,38677.00,25.00,0.00,0.00
35.155.9.57,192.168.20.43,22808.50,14.50,21551.50,13.50
192.168.20.1,192.168.20.40,12165.00,6.00,0.00,0.00
192.168.20.1,224.0.0.251,11662419.00,23.00,0.00,0.00
52.94.236.45,192.168.20.43,3513.00,6.00,0.00,0.00
13.48.15.205,192.168.20.48,370854.00,9.00,0.00,0.00
209.54.183.188,192.168.20.43,1364.00,1.00,0.00,0.00
52.46.133.19,192.168.20.48,190545.00,1.00,0.00,0.00
54.166.21.152,192.168.20.48,817044.00,10.50,768044.00,6.50
52.94.235.74,192.168.20.43,2859.00,1.00,0.00,0.00
142.250.201.163,192.168.20.42,1109.00,1.00,74.00,0.00
192.168.20.19,54.217.52.155,5977927443.00,1500.00,5511274384.00,1357.00
192.168.20.19,203.107.6.88,2081684.50,10.00,1873469.50,9.00
192.168.20.19,216.239.35.8,57446.00,10.00,51785.00,9.00
192.168.20.19,54.74.123.186,130460982.50,358.50,109851576.50,303.50
192.168.20.19,63.32.248.122,1428197.00,175.00,1353842.00,165.00
192.168.20.19,8.8.4.4,1942392.00,410.50,1724418.00,356.50
192.168.20.19,54.171.25.87,20678992.00,64.00,0.00,0.00
192.168.20.19,216.239.35.4,57706.50,10.00,52067.50,9.00
192.168.20.19,173.194.76.206,32190782688.50,1466.50,29402140846.50,1340.50
192.168.20.19,224.0.0.22,187772084.00,707.00,172817501.00,649.00
192.168.20.19,216.239.35.0,58358.00,10.00,52510.00,9.00
192.168.20.19,52.210.32.69,384073501.00,173.00,0.00,0.00
192.168.20.19,8.8.8.8,2188789.50,417.50,2067630.50,387.50
192.168.20.19,108.128.53.179,387022926.00,115.00,0.00,0.00
192.168.20.19,54.78.125.193,169966927.00,458.50,143026555.00,383.50
192.168.20.19,239.255.255.250,28453098168.00,5052.00,26021731570.00,4620.00
192.168.20.19,34.117.13.189,33871367772.00,1935.50,30910728147.00,1768.50
192.168.20.19,54.171.11.240,1531949.00,180.00,1333245.00,160.00
192.168.20.19,120.25.115.20,2475162.50,9.50,2218656.50,8.50
192.168.20.18,51.195.117.133,45305556.50,37.50,42133084.50,34.50
192.168.20.18,129.6.15.28,15254691.00,8.00,0.00,0.00
192.168.20.18,52.31.222.8,9935487.00,837.00,0.00,0.00
52.46.153.141,192.168.20.43,19530.00,3.00,0.00,0.00
209.54.181.79,192.168.20.43,2007.00,3.00,0.00,0.00
44.207.137.197,192.168.20.48,85409.00,3.00,0.00,0.00
15.197.228.53,192.168.20.48,27579.00,1.00,0.00,0.00
52.95.123.17,192.168.20.43,1233.00,1.00,0.00,0.00
54.157.203.98,192.168.20.48,1222595.00,24.00,0.00,0.00
15.188.36.183,192.168.20.48,14301.00,6.00,0.00,0.00
54.91.103.251,192.168.20.48,8654553.00,126.00,0.00,0.00
192.168.20.13,255.255.255.255,3505032436.00,731.00,0.00,0.00
192.168.20.13,3.120.92.134,35910253488.00,1529.50,32430657807.00,1392.50
192.168.20.12,255.255.255.255,78204311455.00,16306.00,0.00,0.00
192.168.20.12,3.120.92.134,35313376769.00,1536.00,32492696705.00,1409.00
34.206.100.209,192.168.20.48,162370.00,7.00,0.00,0.00
3.227.117.250,192.168.20.48,4807.00,2.00,0.00,0.00
43.201.125.242,192.168.20.48,1201781.00,6.00,0.00,0.00
192.168.20.10,35.195.102.202,39722840794.00,5580.50,36358490098.00,5107.50
18.164.55.96,192.168.20.43,4967.00,1.00,0.00,0.00
34.252.33.62,192.168.20.48,58479.50,1.50,55713.50,0.50
35.167.225.196,192.168.20.43,1592.00,1.00,0.00,0.00
35.167.225.196,192.168.20.48,28011.00,3.00,0.00,0.00
216.58.209.234,192.168.20.42,1308.00,1.00,0.00,0.00
192.168.20.15,255.255.255.255,41543561823.50,14198.00,37976574336.50,12979.00
192.168.20.15,52.59.40.69,35666163448.50,1537.00,32606480360.50,1405.00
52.84.179.94,192.168.20.43,20158.00,5.00,0.00,0.00
52.20.206.121,192.168.20.48,3165280.00,53.00,0.00,0.00
18.156.17.11,192.168.20.48,48637.00,2.00,0.00,0.00
209.54.181.98,192.168.20.48,478274.00,2.00,0.00,0.00
54.238.156.226,192.168.20.48,1786944.00,12.00,0.00,0.00
34.237.111.59,192.168.20.48,7774105.00,109.00,0.00,0.00
54.206.221.238,192.168.20.48,949764.00,4.00,0.00,0.00
52.46.137.255,192.168.20.48,58598.00,4.00,0.00,0.00
52.94.241.146,192.168.20.48,924513.00,2.00,0.00,0.00
52.71.238.202,192.168.20.48,1025.00,1.00,0.00,0.00
54.194.135.95,192.168.20.20,3383.00,2.00,0.00,0.00
18.163.70.120,192.168.20.48,1635560.00,5.00,0.00,0.00
54.243.58.104,192.168.20.48,2622454.00,31.00,0.00,0.00
107.20.127.221,192.168.20.48,150709.00,2.00,0.00,0.00
54.215.58.112,192.168.20.48,12516.00,6.00,0.00,0.00
54.173.93.68,192.168.20.48,21250.00,1.00,0.00,0.00
54.239.35.210,192.168.20.43,1039.00,1.00,0.00,0.00
13.125.158.78,192.168.20.48,891004.00,9.00,0.00,0.00
34.214.111.43,192.168.20.48,249993.50,2.00,244460.50,0.00
157.241.5.46,192.168.20.48,9101.00,4.00,0.00,0.00
3.233.174.130,192.168.20.48,20690.00,2.00,0.00,0.00
35.186.224.25,192.168.20.42,1063.00,1.00,0.00,0.00
52.72.244.88,192.168.20.48,377786.00,5.00,0.00,0.00
209.54.178.164,192.168.20.48,39918.00,1.00,0.00,0.00
44.228.215.143,192.168.20.43,5082.00,1.00,0.00,0.00
173.194.76.206,192.168.20.19,623.00,2.00,0.00,0.00
209.54.183.244,192.168.20.43,9111.00,2.00,0.00,0.00
44.198.224.47,192.168.20.48,2331220.00,57.00,0.00,0.00
54.225.152.58,192.168.20.48,397142.00,2.00,0.00,0.00
209.54.183.240,192.168.20.43,1583.00,3.00,0.00,0.00
52.76.51.147,192.168.20.48,228163.50,1.00,226922.50,0.00
3.227.83.236,192.168.20.48,4898922.00,74.00,0.00,0.00
142.250.75.234,192.168.20.42,1473.00,3.00,0.00,0.00
52.78.15.113,192.168.20.48,450100.00,1.00,0.00,0.00
52.84.174.66,192.168.20.43,1224.00,1.00,0.00,0.00
52.84.174.68,192.168.20.43,1092.00,1.00,0.00,0.00
3.76.1.196,192.168.20.48,7019.00,5.00,0.00,0.00
18.229.75.205,192.168.20.48,1257514.00,6.00,0.00,0.00
52.16.104.93,192.168.20.43,1928.00,7.00,0.00,0.00
52.16.104.93,192.168.20.48,46315.00,14.00,0.00,0.00
216.58.214.170,192.168.20.42,2203.00,1.00,0.00,0.00
54.162.217.75,192.168.20.48,1119.00,1.00,0.00,0.00
52.46.131.168,192.168.20.48,14293.00,3.00,0.00,0.00
54.68.250.149,192.168.20.48,371471.00,4.00,0.00,0.00
192.168.20.42,216.58.215.48,436528019.00,313.00,0.00,0.00
192.168.20.42,216.58.214.174,671409.00,76.00,0.00,0.00
192.168.20.42,216.58.206.234,550446816.00,222.00,0.00,0.00
192.168.20.42,142.250.178.131,215455667.00,181.00,0.00,0.00
192.168.20.42,255.255.255.255,45368876866.00,1417.00,41466610772.00,1296.00
192.168.20.42,216.58.201.234,256322325.00,63.00,0.00,0.00
192.168.20.42,216.239.35.8,370444.00,12.50,358772.00,10.50
192.168.20.42,216.58.204.106,13252387.00,139.00,0.00,0.00
192.168.20.42,216.239.35.4,132102.00,23.00,0.00,0.00
192.168.20.42,142.250.179.110,8136545.00,9.00,0.00,0.00
192.168.20.42,239.255.255.251,21269612316.50,696.00,19589333946.50,641.00
192.168.20.42,216.239.35.0,114442.00,20.00,0.00,0.00
192.168.20.42,8.8.8.8,21602771074.50,2898.50,19742056754.50,2657.50
192.168.20.42,74.125.140.188,4341189573.00,151.00,1928179863.00,67.00
192.168.20.42,224.0.0.250,1800289423.00,59.00,0.00,0.00
192.168.20.42,142.250.75.227,22964227677.00,2084.00,0.00,0.00
192.168.20.42,224.0.0.251,1991953299.00,315.00,0.00,0.00
192.168.20.42,216.58.198.202,95855242.00,53.00,0.00,0.00
192.168.20.42,216.58.213.67,27218499432.50,2321.00,24727860457.50,2135.00
192.168.20.42,142.250.74.234,5104516.00,20.00,0.00,0.00
192.168.20.42,35.186.224.25,429636601.00,31.00,0.00,0.00
192.168.20.42,74.125.133.188,101317683621.00,4099.00,0.00,0.00
192.168.20.42,142.250.179.106,445221.00,12.00,0.00,0.00
192.168.20.42,173.194.76.188,2660859514.00,116.00,0.00,0.00
192.168.20.42,142.250.178.142,24356029.00,27.00,0.00,0.00
192.168.20.42,142.250.74.238,3739572917.00,617.00,0.00,0.00
192.168.20.42,216.58.204.110,3096470760.00,518.00,0.00,0.00
192.168.20.42,192.168.20.1,21565634838.00,1370.00,19705324409.00,1254.00
192.168.20.42,216.239.35.12,178913.00,14.50,154082.00,12.50
192.168.20.42,224.0.0.22,53328584.00,8.00,0.00,0.00
192.168.20.42,142.250.75.234,94381772.00,59.00,0.00,0.00
192.168.20.42,216.58.213.70,194943813.00,20.00,0.00,0.00
192.168.20.42,216.58.213.74,5100433.00,22.00,0.00,0.00
192.168.20.42,216.58.214.170,155695493.00,30.00,0.00,0.00
192.168.20.42,216.58.209.234,195498156.00,35.00,0.00,0.00
192.168.20.42,216.58.213.78,215749203.00,160.00,0.00,0.00
192.168.20.40,255.255.255.255,4980037780.00,165.00,0.00,0.00
192.168.20.40,192.168.20.42,3146.00,1.00,0.00,0.00
216.58.204.106,192.168.20.42,1809.00,3.00,0.00,0.00
54.225.146.82,192.168.20.48,366989.00,2.00,0.00,0.00
13.32.145.118,192.168.20.48,93511.00,1.00,0.00,0.00
151.101.1.16,192.168.20.43,1038.00,8.00,0.00,0.00
3.6.255.210,192.168.20.48,5068.00,3.00,0.00,0.00
0.0.0.0,255.255.255.255,1056138.00,8.00,0.00,0.00
52.46.137.106,192.168.20.43,1194.00,2.00,0.00,0.00
54.207.10.176,192.168.20.48,779331.00,4.00,0.00,0.00
54.161.26.204,192.168.20.48,332591.00,3.00,0.00,0.00
192.168.20.45,8.8.8.8,71966.00,8.00,0.00,0.00
192.168.20.45,239.255.255.250,32205761199.50,9938.00,29444769712.50,9084.00
192.168.20.45,121.174.142.81,258875.00,1.00,0.00,0.00
192.168.20.45,54.183.77.141,61846703488.00,5468.00,0.00,0.00
192.168.20.45,37.187.104.44,6149.00,1.00,0.00,0.00
192.168.20.43,72.21.195.82,115892750.00,24.00,0.00,0.00
192.168.20.43,34.227.127.81,998019655.00,126.00,0.00,0.00
192.168.20.43,44.240.184.205,37007464.00,123.00,0.00,0.00
192.168.20.43,209.54.179.233,487563.00,12.00,0.00,0.00
192.168.20.43,18.155.131.56,90285620.50,38.50,30229424.50,26.50
192.168.20.43,52.46.145.14,489000.00,12.00,0.00,0.00
192.168.20.43,8.8.4.4,1841.00,1.00,0.00,0.00
192.168.20.43,3.208.140.212,16719516.50,79.00,13008242.50,65.00
192.168.20.43,52.94.217.134,329305185.00,118.00,0.00,0.00
192.168.20.43,52.46.129.152,552960.00,33.00,0.00,0.00
192.168.20.43,52.46.128.80,408814.00,12.00,0.00,0.00
192.168.20.43,18.233.46.225,35856166.00,270.00,0.00,0.00
192.168.20.43,52.94.239.40,1757445.00,54.00,0.00,0.00
192.168.20.43,3.222.37.116,96843273.00,42.00,0.00,0.00
192.168.20.43,52.94.233.61,496751.00,30.00,0.00,0.00
192.168.20.43,3.223.79.67,388277628.00,188.00,0.00,0.00
192.168.20.43,52.222.149.51,196163.00,18.00,0.00,0.00
192.168.20.43,8.8.8.8,525166.00,57.00,0.00,0.00
192.168.20.43,3.218.120.56,1095094419.00,140.00,0.00,0.00
192.168.20.43,34.228.101.107,96716691.00,34.00,0.00,0.00
192.168.20.43,34.204.132.63,193546192.00,102.00,0.00,0.00
192.168.20.43,67.220.240.183,508798.00,23.00,0.00,0.00
192.168.20.43,54.239.38.89,28483850.00,14.00,0.00,0.00
192.168.20.43,52.95.127.117,82432978.00,51.00,0.00,0.00
192.168.20.43,52.119.198.101,997496.00,22.00,0.00,0.00
192.168.20.43,52.119.198.189,447460.00,11.00,0.00,0.00
192.168.20.43,52.222.174.11,60116722.00,80.00,0.00,0.00
192.168.20.43,18.164.55.110,284010510.00,96.00,0.00,0.00
192.168.20.43,34.194.49.5,1008819075.00,126.00,0.00,0.00
192.168.20.43,100.21.0.103,44326377.00,108.00,0.00,0.00
192.168.20.43,54.239.27.82,76763989.00,11.00,0.00,0.00
192.168.20.43,44.211.15.145,1426214964.00,182.00,0.00,0.00
192.168.20.43,52.217.233.217,8959046.00,304.00,0.00,0.00
192.168.20.43,44.193.236.65,12425821.00,21.00,0.00,0.00
192.168.20.43,54.187.92.102,89548756.00,199.00,0.00,0.00
192.168.20.43,23.22.235.16,982282449.00,126.00,0.00,0.00
192.168.20.43,52.214.227.89,11300802058.00,1750.50,8514145458.00,1308.50
192.168.20.43,52.70.101.206,31869782.00,185.00,0.00,0.00
192.168.20.43,35.155.9.57,67910003.00,200.00,5712864.00,115.00
192.168.20.43,192.168.20.1,1754899.50,710.00,1604200.50,650.00
192.168.20.43,72.21.207.143,461974.00,11.00,0.00,0.00
192.168.20.43,209.54.183.188,417259.00,12.00,0.00,0.00
192.168.20.43,54.166.21.152,25715677.00,42.00,0.00,0.00
192.168.20.43,52.94.235.74,460765.00,14.00,0.00,0.00
192.168.20.43,209.54.180.27,226730688.00,30.00,0.00,0.00
192.168.20.43,54.239.31.104,62833241.00,27.00,0.00,0.00
192.168.20.43,239.255.255.250,100863386.00,1200.00,0.00,0.00
192.168.20.43,34.239.216.180,35966125.00,276.00,0.00,0.00
192.168.20.43,54.92.134.147,987107003.00,126.00,0.00,0.00
192.168.20.43,52.46.153.141,476491.00,26.00,0.00,0.00
192.168.20.43,184.73.130.219,27844502.00,118.00,0.00,0.00
192.168.20.43,44.227.96.221,162223065.00,295.00,0.00,0.00
192.168.20.43,54.157.203.98,258737817.00,46.00,0.00,0.00
192.168.20.43,52.95.123.17,150865994.00,40.00,0.00,0.00
192.168.20.43,18.164.55.96,394971.00,24.00,0.00,0.00
192.168.20.43,52.39.190.49,88209024.00,210.00,0.00,0.00
192.168.20.43,35.167.225.196,43553922.00,93.00,0.00,0.00
192.168.20.43,52.84.179.94,137093061.00,222.00,76899330.00,156.00
192.168.20.43,52.95.126.126,427283.00,13.00,0.00,0.00
192.168.20.43,52.36.138.241,84450561.00,235.00,0.00,0.00
192.168.20.43,52.119.197.246,4068968.00,98.00,0.00,0.00
192.168.20.43,52.95.125.12,167174590.00,39.00,0.00,0.00
192.168.20.43,52.45.200.111,109010787.00,14.00,0.00,0.00
192.168.20.43,3.220.182.54,8331981.00,57.00,0.00,0.00
192.168.20.43,34.203.4.32,96811361.00,47.00,0.00,0.00
192.168.20.43,34.237.111.59,13233006.00,21.00,0.00,0.00
192.168.20.43,3.232.127.207,45455744.00,361.00,0.00,0.00
192.168.20.43,67.220.240.30,459754.00,12.00,0.00,0.00
192.168.20.43,54.70.5.180,153416060.50,97.50,13750763.50,6.50
192.168.20.43,34.194.31.220,494108325.00,63.00,385081248.00,49.00
192.168.20.43,35.173.14.214,45936090.00,292.00,0.00,0.00
192.168.20.43,52.46.132.114,403413.00,13.00,0.00,0.00
192.168.20.43,54.243.58.104,12705101.00,20.00,0.00,0.00
192.168.20.43,52.95.123.112,410931.00,13.00,0.00,0.00
192.168.20.43,52.94.231.222,577421.00,17.00,0.00,0.00
192.168.20.43,34.234.151.208,552685595.00,74.00,0.00,0.00
192.168.20.43,54.239.35.211,81728940.00,53.00,0.00,0.00
192.168.20.43,54.239.35.210,110239999.00,53.00,0.00,0.00
192.168.20.43,176.32.98.79,1159037.00,33.00,0.00,0.00
192.168.20.43,54.192.107.171,52999823.00,15.00,0.00,0.00
192.168.20.43,52.216.27.126,17308851.00,139.00,0.00,0.00
192.168.20.43,3.211.221.42,221253372.00,28.00,0.00,0.00
192.168.20.43,52.46.158.193,576316.00,11.00,0.00,0.00
192.168.20.43,67.220.241.5,929049.00,41.00,0.00,0.00
192.168.20.43,54.205.24.65,12947201.00,21.00,0.00,0.00
192.168.20.43,52.94.224.4,453078.00,12.00,0.00,0.00
192.168.20.43,34.202.49.39,109377325.00,14.00,0.00,0.00
192.168.20.43,52.72.244.88,97814227.00,43.00,0.00,0.00
192.168.20.43,72.21.207.80,110723388.00,18.00,0.00,0.00
192.168.20.43,3.227.176.159,1100001900.00,140.00,0.00,0.00
192.168.20.43,44.197.28.104,385712569.00,49.00,274663288.00,35.00
192.168.20.43,44.228.215.143,18990734.00,72.00,0.00,0.00
192.168.20.43,54.236.174.203,1161486030.00,150.00,0.00,0.00
192.168.20.43,54.225.152.58,96586708.00,41.00,0.00,0.00
192.168.20.43,52.46.149.20,102282211.00,21.00,0.00,0.00
192.168.20.43,44.199.52.214,133836787.00,42.00,0.00,0.00
192.168.20.43,209.54.180.48,457268.00,12.00,0.00,0.00
192.168.20.43,52.94.225.56,544081.00,12.00,0.00,0.00
192.168.20.43,54.88.98.123,231378679.00,28.00,0.00,0.00
192.168.20.43,54.166.101.241,20660441.00,114.00,0.00,0.00
192.168.20.43,52.16.104.93,26128276212.00,3444.00,0.00,0.00
192.168.20.43,52.46.131.169,869453.00,21.00,0.00,0.00
192.168.20.43,52.202.248.176,96916278.00,41.00,0.00,0.00
192.168.20.43,34.195.153.29,15741636.50,102.50,11900447.50,77.50
192.168.20.43,52.222.145.55,60513235.00,40.00,0.00,0.00
192.168.20.43,35.155.170.66,8648384.00,19.00,0.00,0.00
192.168.20.43,52.46.155.112,197806311.00,20.00,0.00,0.00
192.168.20.43,3.224.166.115,28018728.00,204.00,0.00,0.00
192.168.20.43,3.212.27.131,218022699.00,28.00,0.00,0.00
192.168.20.43,151.101.1.16,328903.00,179.00,0.00,0.00
192.168.20.43,34.237.106.83,96354344.00,40.00,0.00,0.00
192.168.20.43,3.82.111.231,658147619.00,84.00,0.00,0.00
192.168.20.43,52.46.137.106,389451.00,13.00,0.00,0.00
192.168.20.43,54.92.128.108,97056742.00,36.00,0.00,0.00
192.168.20.43,54.209.44.8,32022692.50,231.00,27859652.50,200.00
192.168.20.43,54.68.57.171,87772232.00,204.00,0.00,0.00
192.168.20.43,52.46.136.68,1500268.00,37.00,0.00,0.00
192.168.20.43,107.20.216.54,494756958.50,63.00,385420358.50,49.00
192.168.20.43,52.20.185.33,991179520.00,126.00,0.00,0.00
192.168.20.43,224.0.0.251,6015886497.50,247.50,5516443452.50,234.50
192.168.20.43,52.37.30.201,70063251.00,161.00,0.00,0.00
192.168.20.43,146.59.88.209,29647.00,1.00,0.00,0.00
192.168.20.43,18.164.55.40,72318203.50,47.50,70505621.50,35.50
192.168.20.43,52.94.217.61,488399.00,14.00,0.00,0.00
192.168.20.43,52.94.219.88,413265538.00,286.00,0.00,0.00
192.168.20.43,52.94.233.94,414233.00,12.00,0.00,0.00
192.168.20.43,3.227.250.251,8463371.00,20.00,0.00,0.00
192.168.20.43,34.232.93.236,4384576.00,25.00,0.00,0.00
192.168.20.43,54.85.101.161,97285495.00,46.00,0.00,0.00
192.168.20.43,54.161.46.108,96390404.00,40.00,0.00,0.00
192.168.20.43,3.226.196.104,39623315.00,917.50,13164075.00,714.50
192.168.20.43,52.84.174.45,1462442.00,6.00,0.00,0.00
192.168.20.43,52.46.128.39,1448735.00,20.00,0.00,0.00
192.168.20.43,3.237.53.195,13615941.50,101.00,10208677.50,89.00
192.168.20.43,54.208.221.42,1643657426.00,210.00,0.00,0.00
192.168.20.43,34.192.154.181,49022321.00,444.00,0.00,0.00
192.168.20.43,44.234.113.198,35360070.00,85.00,0.00,0.00
192.168.20.43,255.255.255.255,14437.00,72.00,0.00,0.00
192.168.20.43,54.161.84.13,80160938.00,1912.00,0.00,0.00
192.168.20.43,3.89.179.154,1217171057.00,154.00,0.00,0.00
192.168.20.43,54.239.26.255,377284.00,12.00,0.00,0.00
192.168.20.43,3.131.252.182,112304421.00,14.00,0.00,0.00
192.168.20.43,34.210.228.239,56412284.00,116.50,38962212.00,80.50
192.168.20.43,209.54.178.134,438191.00,11.00,0.00,0.00
192.168.20.43,176.32.101.46,65500888.50,16.00,3003185.50,1.00
192.168.20.43,54.75.207.158,738664.00,27.00,0.00,0.00
192.168.20.43,52.205.164.240,877315008.00,112.00,0.00,0.00
192.168.20.43,52.205.66.64,22441404.00,213.00,0.00,0.00
192.168.20.43,18.203.57.224,24312900510.00,4057.00,0.00,0.00
192.168.20.43,52.200.163.50,660361845.00,84.00,600200936.00,80.00
192.168.20.43,52.46.137.209,901828.00,24.00,0.00,0.00
192.168.20.43,3.224.249.36,96650707.00,36.00,0.00,0.00
192.168.20.43,52.94.218.244,296777557.00,39.00,0.00,0.00
192.168.20.43,209.54.179.93,81568430.00,10.00,0.00,0.00
192.168.20.43,18.232.172.63,767159912.00,98.00,0.00,0.00
192.168.20.43,52.201.117.32,193399893.00,83.00,0.00,0.00
192.168.20.43,52.202.2.34,37099475.00,21.00,0.00,0.00
192.168.20.43,35.174.77.103,551128304.00,70.00,0.00,0.00
192.168.20.43,52.1.172.87,20718609.00,187.00,0.00,0.00
192.168.20.43,52.204.152.47,16037654.00,118.00,0.00,0.00
192.168.20.43,52.95.124.103,740209.00,26.00,0.00,0.00
192.168.20.43,176.32.101.122,11576430.00,29.00,0.00,0.00
192.168.20.43,50.17.237.83,96660304.00,39.00,0.00,0.00
192.168.20.43,54.164.163.115,93993311.00,60.00,0.00,0.00
192.168.20.43,65.8.212.227,1092111.00,12.00,0.00,0.00
192.168.20.43,52.84.177.20,13321872.00,970.00,0.00,0.00
192.168.20.43,44.226.67.213,96003296.00,216.00,0.00,0.00
192.168.20.43,52.207.44.110,772506479.00,98.00,0.00,0.00
192.168.20.43,52.46.149.63,508866.00,12.00,0.00,0.00
192.168.20.43,52.46.149.60,356310.00,11.00,0.00,0.00
192.168.20.43,35.164.182.2,60747267.00,127.00,0.00,0.00
192.168.20.43,52.45.237.36,77695.00,1.00,0.00,0.00
192.168.20.43,18.210.245.179,96272714.00,49.00,0.00,0.00
192.168.20.43,54.226.11.35,14863582.00,59.00,0.00,0.00
192.168.20.43,34.202.146.90,193391997.00,84.00,0.00,0.00
192.168.20.43,54.242.128.35,25476999.00,37.00,0.00,0.00
192.168.20.43,34.236.6.206,76890.00,1.00,0.00,0.00
192.168.20.43,52.222.149.107,1414554.00,6.00,0.00,0.00
192.168.20.43,52.94.221.55,374625885.00,241.00,0.00,0.00
192.168.20.43,18.164.55.101,248414202.00,88.00,0.00,0.00
192.168.20.43,54.239.35.48,293774.00,11.00,0.00,0.00
192.168.20.43,54.159.111.180,71117848.00,1703.00,0.00,0.00
192.168.20.43,54.239.33.155,3957519.00,33.50,120289.00,5.50
192.168.20.43,3.212.205.83,31826754.00,260.00,0.00,0.00
192.168.20.43,35.174.51.236,19040042.00,68.00,0.00,0.00
192.168.20.43,52.45.18.59,21314476283.00,937.00,19492764838.00,857.00
52.222.174.52,192.168.20.48,163.00,2.00,0.00,0.00
18.140.188.91,192.168.20.48,376124.00,6.00,0.00,0.00
18.164.55.40,192.168.20.43,6861.50,1.00,5450.50,0.00
192.168.20.48,72.21.195.82,1802883.00,31.00,0.00,0.00
192.168.20.48,3.1.115.53,7250500.00,100.00,0.00,0.00
192.168.20.48,52.222.193.55,8409902.00,581.00,0.00,0.00
192.168.20.48,18.167.1.113,8684736.00,97.00,0.00,0.00
192.168.20.48,44.199.138.71,25106307.00,707.00,0.00,0.00
192.168.20.48,18.155.131.56,249595.00,18.00,0.00,0.00
192.168.20.48,52.119.198.106,976312.00,16.00,0.00,0.00
192.168.20.48,52.46.149.57,985542.00,17.00,0.00,0.00
192.168.20.48,13.248.200.177,136658.00,27.00,0.00,0.00
192.168.20.48,54.239.27.116,1399084.00,29.00,0.00,0.00
192.168.20.48,43.205.185.100,6699567.00,90.00,0.00,0.00
192.168.20.48,3.223.79.67,2682211.00,64.00,0.00,0.00
192.168.20.48,34.226.24.249,153962.00,2.00,0.00,0.00
192.168.20.48,8.8.8.8,218995.00,26.00,0.00,0.00
192.168.20.48,52.206.230.179,1347451.00,44.00,0.00,0.00
192.168.20.48,34.228.101.107,2223139.00,37.00,0.00,0.00
192.168.20.48,52.119.198.101,1970390.00,35.00,0.00,0.00
192.168.20.48,54.239.27.82,1766162.00,36.00,0.00,0.00
192.168.20.48,18.134.222.161,2307048.00,115.00,0.00,0.00
192.168.20.48,3.28.113.52,1671644.00,19.00,0.00,0.00
192.168.20.48,52.214.227.89,31878847946.00,2331.00,0.00,0.00
192.168.20.48,192.168.20.1,7640389.00,1360.00,0.00,0.00
192.168.20.48,52.46.133.19,2423599.00,41.00,0.00,0.00
192.168.20.48,54.166.21.152,7252243.50,201.00,6419992.50,182.00
192.168.20.48,54.203.166.245,2167899.00,40.00,0.00,0.00
192.168.20.48,239.255.255.250,2613.50,18.00,1131.50,15.00
192.168.20.48,44.207.137.197,1639429.00,39.00,0.00,0.00
192.168.20.48,13.249.33.203,778444.00,18.00,0.00,0.00
192.168.20.48,3.226.187.174,156721.00,5.00,0.00,0.00
192.168.20.48,15.197.228.53,879533.00,12.00,0.00,0.00
192.168.20.48,54.157.203.98,20863407.00,632.00,0.00,0.00
192.168.20.48,15.188.36.183,518477.00,107.00,0.00,0.00
192.168.20.48,34.206.100.209,2957327.00,84.00,0.00,0.00
192.168.20.48,3.227.117.250,1415669.00,27.00,0.00,0.00
192.168.20.48,43.201.125.242,7466560.00,74.00,0.00,0.00
192.168.20.48,18.216.180.71,1848283.00,40.00,0.00,0.00
192.168.20.48,16.16.59.238,2127900.00,111.00,0.00,0.00
192.168.20.48,34.252.33.62,532073.00,28.00,134430.00,6.00
192.168.20.48,35.167.225.196,1698720.00,18.00,0.00,0.00
192.168.20.48,54.85.159.116,513073.00,12.00,0.00,0.00
192.168.20.48,52.20.206.121,40366905.00,1245.00,0.00,0.00
192.168.20.48,18.156.17.11,728082.00,36.00,0.00,0.00
192.168.20.48,209.54.181.98,1693669.00,34.00,0.00,0.00
192.168.20.48,54.238.156.226,18545633.00,190.00,0.00,0.00
192.168.20.48,75.2.109.205,887533.00,17.00,0.00,0.00
192.168.20.48,34.237.111.59,44250378.50,1289.50,43042563.50,1269.50
192.168.20.48,52.94.241.146,899512.00,19.00,0.00,0.00
192.168.20.48,52.71.238.202,1316195.00,28.00,0.00,0.00
192.168.20.48,54.243.58.104,27432714.00,774.00,0.00,0.00
192.168.20.48,18.163.70.120,5023879.00,58.00,0.00,0.00
192.168.20.48,107.20.127.221,2407836.00,44.00,0.00,0.00
192.168.20.48,52.46.143.123,444774.00,14.00,0.00,0.00
192.168.20.48,54.215.58.112,4202368.00,58.00,0.00,0.00
192.168.20.48,3.233.109.178,157446.00,5.00,0.00,0.00
192.168.20.48,13.125.158.78,8227638.00,94.00,0.00,0.00
192.168.20.48,34.214.111.43,2637064.00,30.00,1106239.00,10.00
192.168.20.48,157.241.5.46,3204866.00,68.00,0.00,0.00
192.168.20.48,3.233.174.130,1259743.00,43.00,0.00,0.00
192.168.20.48,54.205.24.65,17781923.00,580.00,0.00,0.00
192.168.20.48,72.21.207.82,896497.00,15.00,0.00,0.00
192.168.20.48,209.54.178.164,1028201.00,12.00,0.00,0.00
192.168.20.48,209.54.178.166,1938838.00,33.00,0.00,0.00
192.168.20.48,44.198.224.47,45362930.00,1343.00,0.00,0.00
192.168.20.48,54.225.152.58,1871903.00,47.00,0.00,0.00
192.168.20.48,52.76.51.147,1549689.00,16.00,0.00,0.00
192.168.20.48,44.199.52.214,15643955.00,473.00,0.00,0.00
192.168.20.48,3.227.83.236,67514352.00,1986.00,0.00,0.00
192.168.20.48,52.78.15.113,1377153.00,18.00,0.00,0.00
192.168.20.48,18.206.129.39,40840005121.00,1896.00,0.00,0.00
192.168.20.48,52.44.87.149,1761100.00,38.00,0.00,0.00
192.168.20.48,3.76.1.196,886284.00,56.00,0.00,0.00
192.168.20.48,52.16.104.93,12203733711.00,941.00,11624069806.00,875.00
192.168.20.48,54.162.217.75,812907.00,20.00,0.00,0.00
192.168.20.48,52.222.145.55,224040.00,20.00,0.00,0.00
192.168.20.48,54.193.16.2,6397003.00,78.00,0.00,0.00
192.168.20.48,54.225.146.82,3116350.00,38.00,0.00,0.00
192.168.20.48,13.32.145.118,56555.00,11.00,0.00,0.00
192.168.20.48,54.146.45.201,1134243.00,12.00,0.00,0.00
192.168.20.48,3.6.255.210,2729497.00,40.00,0.00,0.00
192.168.20.48,75.2.104.77,1321603.00,14.00,0.00,0.00
192.168.20.48,54.207.10.176,5288745.00,76.00,0.00,0.00
192.168.20.48,54.92.128.108,2854254.00,43.00,0.00,0.00
192.168.20.48,54.161.26.204,1362174.00,44.00,0.00,0.00
192.168.20.48,34.202.104.124,393091.00,10.00,0.00,0.00
192.168.20.48,224.0.0.251,421164503.00,68.00,0.00,0.00
192.168.20.48,52.222.174.52,817861.00,14.00,0.00,0.00
192.168.20.48,18.140.188.91,3721390.50,47.00,1650593.50,30.00
192.168.20.48,34.195.175.66,8031532.00,199.00,0.00,0.00
192.168.20.48,34.231.63.97,2022040.00,45.00,0.00,0.00
192.168.20.48,15.236.150.135,1281952.00,143.00,0.00,0.00
192.168.20.48,34.250.50.152,928643.00,93.00,0.00,0.00
192.168.20.48,13.245.125.189,3976406.00,57.00,0.00,0.00
192.168.20.48,13.246.174.39,4306392.00,76.00,0.00,0.00
192.168.20.48,108.137.188.162,4867566.00,57.00,0.00,0.00
192.168.20.48,18.102.55.180,1367546.00,36.00,0.00,0.00
192.168.20.48,15.222.185.72,9193557.50,55.00,8792708.50,38.00
192.168.20.48,54.85.101.161,457776.00,22.00,0.00,0.00
192.168.20.48,3.112.156.31,9493914.00,97.00,0.00,0.00
192.168.20.48,54.161.46.108,2742180.00,83.00,0.00,0.00
192.168.20.48,3.227.34.105,2420724.00,42.00,0.00,0.00
192.168.20.48,52.46.128.39,3947167.00,68.00,0.00,0.00
192.168.20.48,52.46.131.209,823615.00,28.00,0.00,0.00
192.168.20.48,54.243.160.51,622741.00,7.00,0.00,0.00
192.168.20.48,104.199.65.124,36284296797.00,3722.50,33483920135.00,3420.50
192.168.20.48,13.54.168.82,7044949.00,52.00,0.00,0.00
192.168.20.48,54.158.105.246,1180828.00,42.00,0.00,0.00
192.168.20.48,255.255.255.255,24843.50,36.00,23162.50,30.00
192.168.20.48,52.119.198.2,464766.00,13.00,0.00,0.00
192.168.20.48,157.175.241.61,2123116.00,36.00,0.00,0.00
192.168.20.48,18.155.126.209,2338990.50,75.50,647152.50,36.50
192.168.20.48,15.184.245.166,1339601.00,41.00,0.00,0.00
192.168.20.48,16.163.233.23,4376351.50,46.00,1799456.50,29.00
192.168.20.48,35.164.36.47,4215029.00,39.00,0.00,0.00
192.168.20.48,18.214.180.6,19377570.00,609.00,16910002.00,537.00
192.168.20.48,35.178.87.88,310592.00,35.00,0.00,0.00
192.168.20.48,15.161.86.203,1501742.00,53.00,0.00,0.00
192.168.20.48,3.234.38.31,77502.00,1.00,0.00,0.00
192.168.20.48,54.232.199.45,2601032.00,41.00,0.00,0.00
192.168.20.48,3.224.249.36,1820084.00,44.00,0.00,0.00
192.168.20.48,35.183.173.98,9748787.00,208.00,0.00,0.00
192.168.20.48,43.205.35.127,6355419.00,94.00,0.00,0.00
192.168.20.48,52.201.117.32,2520372.00,52.00,0.00,0.00
192.168.20.48,52.202.2.34,25325157.00,742.00,0.00,0.00
192.168.20.48,3.105.75.37,15345740.00,145.00,0.00,0.00
192.168.20.48,23.22.232.191,1515782.50,39.50,1135321.50,22.50
192.168.20.48,13.37.191.91,107313.00,27.00,29342.00,9.00
192.168.20.48,52.46.133.103,442280.00,12.00,0.00,0.00
192.168.20.48,13.50.30.171,2085349.00,128.00,0.00,0.00
192.168.20.48,50.17.237.83,908391.00,21.00,0.00,0.00
192.168.20.48,54.164.163.115,46148016.00,1348.00,0.00,0.00
192.168.20.48,52.46.155.120,979294.00,17.00,0.00,0.00
192.168.20.48,52.84.177.20,60175265.00,1552.00,0.00,0.00
192.168.20.48,54.221.200.137,31515608.00,964.00,0.00,0.00
192.168.20.48,35.178.33.97,2433040.00,167.00,0.00,0.00
192.168.20.48,52.45.237.36,77719.00,1.00,0.00,0.00
192.168.20.48,52.46.157.6,673765.00,15.00,0.00,0.00
192.168.20.48,52.79.118.208,5695861.50,64.50,2894521.50,26.50
192.168.20.48,108.136.92.85,3547839.00,38.00,0.00,0.00
192.168.20.48,34.236.6.206,76905.00,1.00,0.00,0.00
192.168.20.48,54.242.128.35,7020464.00,113.00,0.00,0.00
216.58.213.67,192.168.20.42,1178.00,1.00,0.00,0.00
34.231.63.97,192.168.20.48,2217.00,2.00,0.00,0.00
15.236.150.135,192.168.20.48,145058.00,8.00,0.00,0.00
52.46.144.253,192.168.20.43,3010.00,3.00,0.00,0.00
108.137.181.26,192.168.20.48,245253.00,5.00,0.00,0.00
13.245.125.189,192.168.20.48,6574.00,5.00,0.00,0.00
108.137.188.162,192.168.20.48,894779.00,3.00,0.00,0.00
18.102.55.180,192.168.20.48,3317.00,2.00,0.00,0.00
52.94.233.94,192.168.20.43,1323.00,3.00,0.00,0.00
3.112.156.31,192.168.20.48,1342431.00,5.00,0.00,0.00
54.85.101.161,192.168.20.48,291485.00,2.00,0.00,0.00
3.227.34.105,192.168.20.48,58172.00,2.00,0.00,0.00
52.84.174.45,192.168.20.43,8113.00,1.00,0.00,0.00
52.94.232.195,192.168.20.43,12555.00,3.00,0.00,0.00
52.46.128.39,192.168.20.48,113529.00,3.00,0.00,0.00
18.102.88.160,192.168.20.48,10746.00,5.00,0.00,0.00
13.54.168.82,192.168.20.48,3416.00,3.00,0.00,0.00
54.158.105.246,192.168.20.48,11552.00,4.00,0.00,0.00
192.168.20.20,8.8.8.8,57613.00,4.00,22651.00,2.00
192.168.20.20,54.194.135.95,264548.00,11.00,0.00,0.00
192.168.20.20,52.215.192.18,19316261992.50,1055.50,16824371838.50,915.50
192.168.20.20,224.0.0.251,1661934.00,46.00,0.00,0.00
54.167.53.194,192.168.20.48,4666.00,2.00,0.00,0.00
54.239.26.255,192.168.20.43,1793.00,3.00,0.00,0.00
63.32.248.122,192.168.20.19,918.00,2.00,0.00,0.00
157.175.241.61,192.168.20.48,500357.00,3.00,0.00,0.00
18.155.126.209,192.168.20.48,9511.00,6.00,0.00,0.00
54.249.26.192,192.168.20.48,397620.00,3.00,0.00,0.00
142.250.179.74,192.168.20.42,1126.00,3.00,0.00,0.00
15.184.245.166,192.168.20.48,49020.00,2.00,0.00,0.00
16.163.233.23,192.168.20.48,528565.00,3.00,195561.00,2.00
199.232.58.248,192.168.20.42,320.00,6.00,0.00,0.00
18.214.180.6,192.168.20.48,835271.00,2.00,0.00,0.00
35.164.36.47,192.168.20.48,598821.00,2.00,0.00,0.00
35.178.87.88,192.168.20.48,152210.00,1.00,0.00,0.00
18.203.57.224,192.168.20.43,14911.00,11.00,0.00,0.00
18.203.57.224,192.168.20.48,22930.00,11.00,0.00,0.00
54.232.199.45,192.168.20.48,376380.00,2.00,0.00,0.00
52.46.137.209,192.168.20.43,1178.00,3.00,0.00,0.00
3.224.249.36,192.168.20.48,388027.00,2.00,0.00,0.00
35.183.173.98,192.168.20.48,794082.00,12.00,0.00,0.00
43.205.35.127,192.168.20.48,684977.00,6.00,0.00,0.00
52.201.117.32,192.168.20.48,5167.00,4.00,0.00,0.00
52.202.2.34,192.168.20.48,2224838.00,30.50,246814.00,0.50
3.105.75.37,192.168.20.48,1898543.00,8.00,0.00,0.00
18.164.49.183,192.168.20.43,11906.00,10.00,0.00,0.00
23.22.232.191,192.168.20.48,193305.00,2.50,191953.00,1.50
13.37.191.91,192.168.20.48,1970.00,1.00,0.00,0.00
52.46.133.103,192.168.20.48,184133.00,1.00,0.00,0.00
142.250.74.238,192.168.20.42,5421.00,3.00,0.00,0.00
3.140.228.75,192.168.20.48,800276.00,4.00,0.00,0.00
176.32.101.122,192.168.20.43,1277.00,1.00,0.00,0.00
50.17.237.83,192.168.20.48,1050.00,1.00,0.00,0.00
54.221.200.137,192.168.20.48,2031718.00,38.00,0.00,0.00
52.46.149.63,192.168.20.43,14460.00,2.00,0.00,0.00
8.6.0.1,8.0.6.4,79967924376.00,40665.00,0.00,0.00
52.79.118.208,192.168.20.48,648325.50,4.50,296048.50,2.50
54.242.128.35,192.168.20.48,552091.00,6.00,0.00,0.00
108.136.92.85,192.168.20.48,751692.00,2.00,0.00,0.00
52.222.149.107,192.168.20.43,9089.00,1.00,0.00,0.00
18.164.55.101,192.168.20.43,4116.00,1.00,0.00,0.00
54.159.111.180,192.168.20.43,83077.00,4.00,0.00,0.00
54.239.33.155,192.168.20.43,4551.00,2.00,0.00,0.00
